stem,top_label,neutral_prob,max_emotion_label,max_emotion_prob,top_is_neutral,margin_ok,passes
A Thesis on Entropic Forces A,Neutral,0.969148,Trust,0.010473,1,1,1
A baby's loud cries. Played every,Neutral,0.911737,Sadness,0.053131,1,1,1
"A bell chimes, jolting Bill back",Neutral,0.902675,Anticipation,0.014577,1,1,1
A bored teen dropped a quarter,Neutral,0.93857,Anger,0.050226,1,1,1
"A change of clothing, canned tuna,",Neutral,0.965359,Anger,0.00979,1,1,1
"A chiseled, pale white face dawn",Neutral,0.881576,Trust,0.074214,1,1,1
A dome-centered society normally would consist,Neutral,0.898813,Trust,0.051387,1,1,1
A few days before the Messiah,Neutral,0.941479,Anticipation,0.022483,1,1,1
A few more items tumbled into,Neutral,0.965758,Anger,0.013414,1,1,1
A fly woke the prime minister.,Neutral,0.943946,Trust,0.021733,1,1,1
A forty something year old man,Neutral,0.963788,Anger,0.011656,1,1,1
A freakish depressed veteran travels the,Neutral,0.962202,Anger,0.01109,1,1,1
"A grey Camry, nothing fancy. It",Neutral,0.886996,Anger,0.034057,1,1,1
"A gunshot rang out, shaking the",Neutral,0.723083,Fear,0.200418,1,0,0
A large circular table hosted a,Neutral,0.968584,Trust,0.014495,1,1,1
A man and a small child,Neutral,0.969261,Anger,0.010177,1,1,1
A man sits alone in a,Neutral,0.800456,Sadness,0.266731,1,0,0
A man sits in a dirty,Disgust,0.0,Disgust,0.449652,0,0,0
A massive eye opened in a,Neutral,0.955289,Trust,0.00991,1,1,1
"A matchbox, scissors, a pencil and",Neutral,0.965623,Anger,0.010825,1,1,1
A moist droplet of water plopped,Neutral,0.94604,Anger,0.018808,1,1,1
A news channel is showing grainy,Neutral,0.954551,Anger,0.016969,1,1,1
A part of Captain Nathan Deshler,Neutral,0.960644,Trust,0.023996,1,1,1
A room full of scientists gathered,Neutral,0.96027,Trust,0.012331,1,1,1
"A scream, quickly followed by a",Neutral,0.674622,Fear,0.069109,1,1,1
A small gurgle of hope bubbled,Joy,0.0,Joy,0.606428,0,0,0
A split second later though it,Neutral,0.958757,Anticipation,0.013755,1,1,1
"A sunny day abroad, hiking in",Joy,0.0,Joy,0.777865,0,0,0
A voice boomed in my soul.,Neutral,0.926419,Trust,0.018608,1,1,1
A white room. Hospital. A bed.,Neutral,0.962905,Anger,0.014312,1,1,1
"Adam bin Ahmad, fifty-fourth elected senator",Neutral,0.963567,Trust,0.020836,1,1,1
Adam was not yet certain he,Neutral,0.922737,Anger,0.054574,1,1,1
Adim sat cross-legged on the carpet,Neutral,0.966359,Trust,0.015409,1,1,1
After months of careful planning and,Neutral,0.574273,Anticipation,0.194288,1,1,1
After the U.S. unveiling of their,Neutral,0.965747,Trust,0.015851,1,1,1
After the capture He became enraptured.,Neutral,0.458225,Joy,0.200672,1,0,0
After the longest lapse in history,Neutral,0.884221,Anticipation,0.053936,1,1,1
"Ah, the Catacombs. Not a single",Neutral,0.833458,Trust,0.041983,1,1,1
"Ahh... Yes, I remember. I remember",Anticipation,0.0,Anticipation,0.314223,0,0,0
All will come to pass. Battles,Neutral,0.704626,Joy,0.184408,1,1,1
"Amanda stepped onto the stage, the",Neutral,0.935873,Joy,0.020113,1,1,1
An animal stood directly in front,Neutral,0.965108,Trust,0.018063,1,1,1
And I had just finished reading,Neutral,0.871407,Anticipation,0.085485,1,1,1
"And now dear Listeners, a word",Neutral,0.918512,Trust,0.01971,1,1,1
Another bloodcurdling scream filled the air,Neutral,0.365311,Fear,0.217326,1,0,0
Another day. I wake up to,Neutral,0.812521,Joy,0.039484,1,1,1
Arda is stagnant. My master and,Neutral,0.966694,Trust,0.015956,1,1,1
Artificial Intelligence was the apex of,Neutral,0.794753,Trust,0.1375,1,1,1
As I limp towards my McDonalds,Neutral,0.954064,Trust,0.019197,1,1,1
As I peaked behind the curtain,Neutral,0.963297,Trust,0.008688,1,1,1
As I ran from the authorities,Neutral,0.781672,Fear,0.127191,1,1,1
As I ran over the gravel,Neutral,0.964463,Trust,0.017562,1,1,1
"As I'm walking down the staircase,",Neutral,0.954715,Anticipation,0.019557,1,1,1
As Mark stumbled his way to,Neutral,0.962495,Trust,0.017129,1,1,1
"As Matthew opened his eyes, the",Neutral,0.967977,Trust,0.012818,1,1,1
"As a rule, they are always",Neutral,0.852098,Trust,0.162338,1,1,1
"As a wedding planner, there are",Neutral,0.921068,Trust,0.045503,1,1,1
"As dares go, it was a",Neutral,0.899547,Trust,0.026421,1,1,1
As much as I told myself,Neutral,0.823914,Anticipation,0.061903,1,1,1
As our cruiser entered the old,Neutral,0.955239,Anticipation,0.018544,1,1,1
As the civet dropping coffee was,Neutral,0.964204,Trust,0.013401,1,1,1
As the shrapnel passed through his,Neutral,0.969529,Trust,0.010126,1,1,1
"As the sun went down, Jake",Neutral,0.966245,Trust,0.013555,1,1,1
As the urge was quickly banished,Neutral,0.784016,Trust,0.099327,1,1,1
Automobiles trickle past like the leaves,Neutral,0.955002,Trust,0.016817,1,1,1
Bane waited eagerly at the edge,Neutral,0.656091,Joy,0.235508,1,0,0
Be easy on me - this,Trust,0.0,Trust,0.724801,0,0,0
"Before I tell this story, you",Neutral,0.962833,Trust,0.014154,1,1,1
Ben did not know sign language.,Neutral,0.909001,Anger,0.092347,1,1,1
Bill slammed the empty shotglass upside,Neutral,0.96549,Anger,0.0172,1,1,1
Billy had never been any good,Anger,0.0,Anger,0.529097,0,0,0
Birds took to the sky as,Neutral,0.965722,Trust,0.011964,1,1,1
Bit late to this party but,Neutral,0.817211,Anticipation,0.03555,1,1,1
"Blackness engulfs my vision, and my",Neutral,0.720203,Fear,0.132255,1,1,1
Blink eyes. Blink eyes again. Turn,Neutral,0.963429,Anger,0.012056,1,1,1
Blood dripped off the hammer staining,Neutral,0.855341,Disgust,0.050084,1,1,1
"Blood drips red onto the floorboards,",Neutral,0.901051,Sadness,0.025706,1,1,1
Bob checked his Amazon account using,Neutral,0.967547,Trust,0.011993,1,1,1
Brad scraped the sides of the,Neutral,0.967862,Trust,0.012003,1,1,1
Brigadier Clairvoyant stalked through The Magnificent's,Neutral,0.949169,Trust,0.022844,1,1,1
Bruce should have realized something was,Anticipation,0.0,Anticipation,0.830966,0,0,0
By the time Orys reached the,Neutral,0.963802,Trust,0.013175,1,1,1
Ca n't do it. Nope. She's,Anger,0.0,Anger,0.637805,0,0,0
Cannibalism exists among different cultures its,Neutral,0.895324,Trust,0.072001,1,1,1
Captain Flint ran a thumb over,Neutral,0.96725,Anger,0.012856,1,1,1
Captain Rick slammed on the brakes,Neutral,0.952021,Trust,0.018334,1,1,1
Cathy's was on the Northside of,Neutral,0.96706,Trust,0.022833,1,1,1
Cera Olliath woke up from her,Neutral,0.965993,Trust,0.016059,1,1,1
Charon had spent almost exactly half,Neutral,0.965023,Trust,0.017805,1,1,1
Chirp hated winter. Most people did,Neutral,0.639504,Anger,0.130249,1,1,1
Christopher was woken by the stinging,Neutral,0.959274,Trust,0.012092,1,1,1
Church of Scientology remembrance pamphlet When,Neutral,0.92905,Surprise,0.024176,1,1,1
Clara gives me a warm embrace.,Joy,0.0,Joy,0.564394,0,0,0
"Clusters of kids huddled together, whispering",Neutral,0.965161,Trust,0.016676,1,1,1
Congress voted unanimously when the bill,Neutral,0.695447,Trust,0.377549,1,0,0
"Conscience sprouted from instinct, man grew",Neutral,0.750265,Trust,0.193126,1,1,1
Crawled up on ladders to send,Neutral,0.963117,Anger,0.016195,1,1,1
"Dancing on the grass, the mottled",Neutral,0.715516,Joy,0.187252,1,1,1
Darkness is the first thing I,Neutral,0.935308,Trust,0.048264,1,1,1
Dave sighed. The phone was ringing,Neutral,0.935683,Anger,0.013007,1,1,1
Dave was screaming. But every healthy,Neutral,0.947038,Trust,0.013097,1,1,1
"Dave, with his eyes pointed as",Neutral,0.961726,Trust,0.017282,1,1,1
David gently rapped the open door,Neutral,0.965549,Trust,0.015389,1,1,1
Death sits across the table from,Neutral,0.965258,Anger,0.01084,1,1,1
Deep under the underground levels of,Neutral,0.96392,Trust,0.014921,1,1,1
Demitri slicked his oily hair back,Neutral,0.961918,Trust,0.01639,1,1,1
Derek leaned slightly on the wooden,Neutral,0.961098,Trust,0.028676,1,1,1
Desmond was not long for this,Neutral,0.91331,Anger,0.057053,1,1,1
Detective Palmiro always got assigned to,Neutral,0.954409,Trust,0.044411,1,1,1
Did n't start this at the,Neutral,0.772515,Anger,0.329134,1,0,0
Dinner was always my favorite meal,Joy,0.0,Joy,0.533527,0,0,0
Dirk of the McKinley Clan had,Neutral,0.955935,Trust,0.022306,1,1,1
Do you know what a tumor,Neutral,0.571732,Surprise,0.544662,1,0,0
Doctor Doug Stevenson took a sip,Neutral,0.967457,Trust,0.011906,1,1,1
Donnie took a long sip of,Neutral,0.961694,Trust,0.016911,1,1,1
Dr. Sill peered into the holding,Neutral,0.967568,Trust,0.011173,1,1,1
"Dragons flew, the sun bled over",Neutral,0.957674,Trust,0.015418,1,1,1
Dreams are odd things. I realize,Anticipation,0.0,Anticipation,0.867421,0,0,0
Drizzles of icy rain pattered onto,Neutral,0.970096,Anger,0.016293,1,1,1
"Ellie, my roommate, stopped when she",Neutral,0.951332,Sadness,0.024084,1,1,1
Encyclopedia Man had always wanted to,Neutral,0.799474,Anticipation,0.20733,1,0,0
Even though we resisted the squashing,Neutral,0.859674,Anger,0.055013,1,1,1
Even while the dying leaves swirled,Neutral,0.950175,Trust,0.015642,1,1,1
Ever Corp's headquarters looked like a,Neutral,0.911812,Trust,0.031659,1,1,1
Ever made a wish in a,Anticipation,0.0,Anticipation,0.54758,0,0,0
Every morning began like this. Carly,Neutral,0.915388,Trust,0.061652,1,1,1
Everyone has there own idea about,Neutral,0.933161,Trust,0.056103,1,1,1
"Everyone, is born with a spirit",Neutral,0.749409,Trust,0.227519,1,0,0
Everything stopped the day my daughter,Neutral,0.650684,Sadness,0.187782,1,1,1
Explosions and maniacal laughter - terrifying,Fear,0.0,Fear,0.768382,0,0,0
"Fast, agile beasts, their bodies seemed",Neutral,0.591532,Trust,0.577697,1,0,0
Faster than any man who has,Neutral,0.536026,Trust,0.20254,1,0,0
Finally a successful date leads to,Joy,0.0,Joy,0.416582,0,0,0
Finally. I have accomplished what my,Joy,0.0,Joy,0.289577,0,0,0
Finding good help around here is,Neutral,0.674877,Trust,0.128747,1,1,1
First thing to pop in my,Neutral,0.966452,Trust,0.010687,1,1,1
First time writing anything like this,Neutral,0.432325,Surprise,0.1813,1,1,1
Five shots. Five shots rang out,Neutral,0.968663,Trust,0.010483,1,1,1
Footsteps beat at the carpet like,Neutral,0.937579,Anger,0.03385,1,1,1
For a long time I doubted,Sadness,0.0,Sadness,0.591367,0,0,0
"For a long time, it was",Neutral,0.730454,Anticipation,0.174282,1,1,1
For a world with everything and,Neutral,0.924685,Anger,0.021704,1,1,1
"For most, it happens in an",Neutral,0.884468,Trust,0.098138,1,1,1
For the first time this week,Neutral,0.782123,Anticipation,0.068294,1,1,1
For years we had been warned.,Neutral,0.267497,Fear,0.092274,1,1,1
Forty and suffering from ED. Here,Sadness,0.0,Sadness,0.724174,0,0,0
Frank has seen it coming in,Neutral,0.965907,Trust,0.016956,1,1,1
Friday. Night. The tube. It is,Neutral,0.717414,Joy,0.150292,1,1,1
From the instant my neural network,Neutral,0.96725,Trust,0.012121,1,1,1
"Funny thing about apocalypses, specifically the",Joy,0.0,Joy,0.915808,0,0,0
Gargus Glint loved his job. The,Joy,0.0,Joy,0.84235,0,0,0
Gary's father always made sure to,Neutral,0.920159,Trust,0.061365,1,1,1
General Bolden made his way to,Neutral,0.969568,Trust,0.013311,1,1,1
Geneva threw her bag onto the,Neutral,0.968603,Trust,0.012185,1,1,1
Gill held the great honor of,Trust,0.0,Trust,0.69762,0,0,0
Giving in felt more like giving,Neutral,0.749057,Trust,0.176712,1,1,1
Glass bottles glittered and glinted in,Neutral,0.862254,Trust,0.033107,1,1,1
"God cleared his throat loudly, trying",Neutral,0.953938,Trust,0.01692,1,1,1
"God is n't the almighty, not",Neutral,0.576787,Anger,0.537393,1,0,0
Greg is only 5 years old.,Neutral,0.95793,Trust,0.021777,1,1,1
Grimlock sat at the table across,Neutral,0.968616,Trust,0.014477,1,1,1
"Grok charged down the sideline, grunting",Neutral,0.952215,Trust,0.020961,1,1,1
Gwen was brushing her teeth the,Neutral,0.969445,Trust,0.010482,1,1,1
"HOW SHOULD A MODERN, INDEPENDENT WOMAN",Surprise,0.0,Surprise,0.521959,0,0,0
Halfway through the four hundred and,Neutral,0.962562,Anticipation,0.010692,1,1,1
"Haru-kun's head dropped to the ground,",Neutral,0.957218,Sadness,0.010486,1,1,1
He always struggled with autopsies. It,Neutral,0.878995,Sadness,0.117369,1,1,1
He arrived in a black Pontiac,Neutral,0.958946,Trust,0.020867,1,1,1
He chambered another round. The Obersoldat,Neutral,0.968915,Trust,0.012267,1,1,1
He cleared his throat not because,Neutral,0.940746,Anger,0.03683,1,1,1
He could remember the scent of,Neutral,0.953082,Trust,0.037391,1,1,1
He did n't know who he,Neutral,0.925599,Anger,0.053245,1,1,1
He did this work blindly. He,Neutral,0.680092,Anger,0.202075,1,0,0
"He entered the tech repair store,",Neutral,0.965562,Trust,0.014172,1,1,1
He flicked the switch Light dramatically,Neutral,0.953966,Trust,0.012393,1,1,1
He had n't always been addicted,Neutral,0.819265,Anger,0.157649,1,1,1
He had n't asked to be,Neutral,0.843454,Anger,0.218499,1,0,0
He had not had a dream,Neutral,0.946562,Anger,0.025988,1,1,1
He had to know why I,Neutral,0.950275,Surprise,0.0128,1,1,1
He injected the sleeping two year,Neutral,0.967182,Trust,0.014987,1,1,1
He knows I'm innocent... I suppose,Neutral,0.641392,Trust,0.405288,1,0,0
"He looked at the strangely shaped,",Neutral,0.913903,Anticipation,0.016977,1,1,1
He ran his fingertips across the,Neutral,0.968475,Trust,0.01643,1,1,1
"He rose from the beach, and",Neutral,0.961222,Trust,0.021024,1,1,1
"He sat back in the chair,",Neutral,0.963595,Trust,0.013811,1,1,1
He sat in a stark room,Neutral,0.964385,Anger,0.012243,1,1,1
He sat in his room staring,Neutral,0.962851,Anger,0.010271,1,1,1
He sat in quiet contemplation. The,Neutral,0.954835,Trust,0.018909,1,1,1
"He sat on the sidewalk, watching",Neutral,0.966617,Trust,0.012002,1,1,1
"He sat quietly in the cabin,",Neutral,0.947216,Trust,0.028181,1,1,1
He sits alone on stage. His,Neutral,0.936007,Sadness,0.029574,1,1,1
"He sits with his legs crossed,",Neutral,0.966945,Trust,0.015789,1,1,1
He stared at the photo... At,Neutral,0.957782,Trust,0.009392,1,1,1
He stepped towards the metal railing,Neutral,0.959609,Trust,0.02363,1,1,1
He stood in front of the,Neutral,0.96884,Trust,0.015369,1,1,1
"He stood, Timeporter attached to his",Neutral,0.970831,Trust,0.013006,1,1,1
He took another drag of his,Neutral,0.967472,Trust,0.010118,1,1,1
He unclipped the cape from around,Neutral,0.968053,Trust,0.010648,1,1,1
He waked up with a cacophony,Neutral,0.947188,Trust,0.015983,1,1,1
He was an adventurer for most,Neutral,0.504284,Trust,0.465803,1,0,0
He was glad it was almost,Joy,0.0,Joy,0.738839,0,0,0
He was late. This was unusual.,Neutral,0.721681,Surprise,0.19006,1,1,1
"He was rather well-preserved, his body",Trust,0.0,Trust,0.650506,0,0,0
He was sitting across from the,Neutral,0.967204,Trust,0.019557,1,1,1
"He was so close to me,",Neutral,0.392558,Trust,0.158146,1,1,1
He was standing there just like,Neutral,0.894922,Trust,0.091363,1,1,1
He woke up with that strange,Neutral,0.814938,Surprise,0.141541,1,1,1
"He would be 24, today, and",Neutral,0.96663,Trust,0.015875,1,1,1
Her hands started to shake. She,Neutral,0.941392,Trust,0.013834,1,1,1
"Hi, Billy Mays here, and have",Neutral,0.964133,Trust,0.012291,1,1,1
Hiraeth kicks off his muddy boots,Neutral,0.967016,Trust,0.013466,1,1,1
"His eyes had lost their gleam,",Neutral,0.44078,Sadness,0.390116,1,0,0
His eyes shone with terror as,Fear,0.0,Fear,0.872199,0,0,0
His slow manner dictated confidence and,Trust,0.0,Trust,0.660709,0,0,0
His whole life who knew something,Neutral,0.927007,Anticipation,0.040959,1,1,1
Hodar the Half-Orc watched on with,Neutral,0.960729,Trust,0.020209,1,1,1
How long must a dream occur,Surprise,0.0,Surprise,0.595727,0,0,0
How to get your crush to,Surprise,0.0,Surprise,0.666496,0,0,0
"Human diversity so so huge, nothing",Neutral,0.592483,Anger,0.055724,1,1,1
Humanity had been spread thin for,Neutral,0.940771,Trust,0.029044,1,1,1
Humans were Jews. When planets were,Neutral,0.923114,Anticipation,0.039497,1,1,1
Hundreds of preservation units lined the,Neutral,0.961834,Trust,0.037467,1,1,1
Huo Pao was old and scrawny.,Neutral,0.801186,Sadness,0.139371,1,1,1
I am a professional liar. People,Anger,0.0,Anger,0.731994,0,0,0
I am from a place in,Neutral,0.869733,Trust,0.104398,1,1,1
I am not alone. I am,Neutral,0.815414,Trust,0.066923,1,1,1
I am standing at the center,Neutral,0.958854,Trust,0.027649,1,1,1
I am the keeper of the,Neutral,0.921896,Trust,0.070295,1,1,1
I am torn from my thoughts,Neutral,0.759956,Sadness,0.34293,1,0,0
"I am, myself, unstuck into the",Neutral,0.95671,Trust,0.019998,1,1,1
I awake to the sound of,Neutral,0.833425,Anticipation,0.043081,1,1,1
I awoke on the boat as,Neutral,0.804437,Anticipation,0.119519,1,1,1
I awoke sharply to the sound,Neutral,0.612225,Anticipation,0.148916,1,1,1
I bit back my tears as,Sadness,0.0,Sadness,0.592964,0,0,0
"I blinked, and the creature in",Neutral,0.92165,Anticipation,0.029493,1,1,1
I ca n't see why I,Neutral,0.612794,Anger,0.31031,1,0,0
I came to a stop as,Neutral,0.852648,Anticipation,0.051897,1,1,1
I can try to lay in,Neutral,0.892722,Trust,0.088331,1,1,1
"I could not believe the newspaper,",Surprise,0.0,Surprise,0.760761,0,0,0
I could say it's been a,Neutral,0.772003,Surprise,0.086095,1,1,1
I cursed my fate. I cursed,Anger,0.0,Anger,0.543315,0,0,0
I dash out the front door.,Neutral,0.794002,Anger,0.024054,1,1,1
"I did everything to save Martha,",Trust,0.0,Trust,0.575737,0,0,0
I did n't find what I,Neutral,0.742033,Anger,0.173011,1,1,1
I do n't know why I,Surprise,0.0,Surprise,0.928855,0,0,0
I dodged the sword of my,Neutral,0.865305,Trust,0.058873,1,1,1
"I dropped the marker in shock,",Surprise,0.0,Surprise,0.758308,0,0,0
I feel an intense pain rip,Sadness,0.0,Sadness,0.888482,0,0,0
I giggle at the expression on,Joy,0.0,Joy,0.728041,0,0,0
"I glance out the window, seeing",Neutral,0.883433,Anticipation,0.024079,1,1,1
I grinned mischievously as I leaned,Joy,0.0,Joy,0.659105,0,0,0
"I had a mission, and a",Neutral,0.877913,Trust,0.021067,1,1,1
"I had always thought, well assumed,",Neutral,0.502045,Anticipation,0.274948,1,0,0
I had left it dormant for,Neutral,0.953942,Trust,0.021412,1,1,1
"I had not seen her go,",Neutral,0.921958,Anger,0.047392,1,1,1
I have a secret to share,Neutral,0.856654,Trust,0.035852,1,1,1
I have been on the run,Neutral,0.920131,Trust,0.054742,1,1,1
I hold back the tears that,Neutral,0.766583,Sadness,0.212256,1,0,0
I just had to be playing,Neutral,0.921151,Trust,0.047795,1,1,1
I keep the figure in my,Neutral,0.966227,Trust,0.019949,1,1,1
"I kicked in the door, turned",Neutral,0.749695,Anger,0.144036,1,1,1
"I kneeled, naked, on the shroomy",Neutral,0.928517,Disgust,0.016445,1,1,1
I knew what it meant. Hours,Neutral,0.483535,Anticipation,0.302361,1,0,0
I live in New York City.,Neutral,0.866198,Trust,0.152825,1,1,1
I look up from my laptop,Neutral,0.948643,Trust,0.013645,1,1,1
I looked across at dad at,Neutral,0.947959,Anticipation,0.01585,1,1,1
I looked at my client. He,Neutral,0.918959,Anticipation,0.035787,1,1,1
I looked up from my desk,Neutral,0.920488,Anticipation,0.022932,1,1,1
I never pretended to be the,Neutral,0.77508,Anger,0.272039,1,0,0
I never really got on with,Neutral,0.592134,Anger,0.434829,1,0,0
I never really understood how it,Surprise,0.0,Surprise,0.926677,0,0,0
I never thought working with CPS,Neutral,0.548527,Anger,0.537404,1,0,0
I only know a few things.,Neutral,0.932265,Trust,0.04292,1,1,1
I opened the door to Samantha,Neutral,0.967257,Trust,0.01266,1,1,1
I play the haunting melody of,Neutral,0.407131,Joy,0.129869,1,1,1
I puked. Turns out the human,Disgust,0.0,Disgust,0.368857,0,0,0
I put my hand to my,Neutral,0.95885,Trust,0.012558,1,1,1
I questioned my choice on that,Surprise,0.0,Surprise,0.587502,0,0,0
I rebuttoned my jeans up as,Neutral,0.88795,Trust,0.046578,1,1,1
I recall the day our kingdom,Neutral,0.753275,Anticipation,0.282245,1,0,0
I remember when Dr. Hadley first,Neutral,0.729375,Anticipation,0.325294,1,0,0
"I remember when we first met,",Anticipation,0.0,Anticipation,0.610418,0,0,0
I roll my shoulders back as,Neutral,0.961804,Trust,0.024712,1,1,1
I rolled a joint and light,Neutral,0.966393,Trust,0.013879,1,1,1
"I rushed into the emergency room,",Neutral,0.549012,Fear,0.137631,1,1,1
I said I'd never use it,Neutral,0.777806,Anger,0.266794,1,0,0
I sat in my soft leather,Neutral,0.609354,Trust,0.122937,1,1,1
I sat on the edge of,Neutral,0.962103,Trust,0.024185,1,1,1
I saw the car as it,Neutral,0.916521,Anticipation,0.054283,1,1,1
I set foot into a room,Neutral,0.946961,Trust,0.014972,1,1,1
I simply could not do it.,Anger,0.0,Anger,0.760646,0,0,0
I sit upon my Iron Throne.,Neutral,0.879352,Trust,0.056186,1,1,1
I sleep in hotels now. If,Neutral,0.869872,Trust,0.091454,1,1,1
I slowly regain consciousness to a,Neutral,0.716767,Anticipation,0.192663,1,1,1
I slowly stroll towards each bed,Neutral,0.916485,Trust,0.039548,1,1,1
I slowly walk out of the,Neutral,0.870742,Anticipation,0.050437,1,1,1
I sniffed. The scent of rosemary,Neutral,0.643867,Trust,0.064184,1,1,1
I stand at a crossroads between,Neutral,0.895384,Anticipation,0.03078,1,1,1
I stare at my grease covered,Neutral,0.799961,Anger,0.031284,1,1,1
I stare at the retreating figure,Neutral,0.865929,Fear,0.01683,1,1,1
"I stare, stopping my car on",Neutral,0.889964,Anger,0.017633,1,1,1
I stared into the barrel of,Neutral,0.89851,Fear,0.012682,1,1,1
I started on the Clubhouse show,Neutral,0.889854,Trust,0.098553,1,1,1
I started suspecting something was off,Neutral,0.396852,Anticipation,0.310004,1,0,0
"I stepped aside, feeling the breeze",Neutral,0.935006,Trust,0.031051,1,1,1
I still remember the last night,Neutral,0.466371,Anticipation,0.353245,1,0,0
I stood at the front of,Neutral,0.946665,Trust,0.044182,1,1,1
I stood on the edge of,Neutral,0.962463,Trust,0.021462,1,1,1
"I stood silently, shifting my weight",Neutral,0.937627,Trust,0.041443,1,1,1
I tapped my keys mindlessly coding.,Neutral,0.954599,Trust,0.018221,1,1,1
I think it all really got,Neutral,0.63351,Anticipation,0.30317,1,0,0
I took copious notes on the,Neutral,0.952385,Trust,0.024158,1,1,1
I wait for the elevator to,Neutral,0.941757,Trust,0.015888,1,1,1
I wake up and sit on,Neutral,0.957549,Trust,0.020125,1,1,1
I walk quickly toward the back,Neutral,0.845407,Trust,0.12252,1,1,1
I walked down the hall. My,Neutral,0.898889,Anticipation,0.036403,1,1,1
I was born deaf. Pretty hard,Sadness,0.0,Sadness,0.746417,0,0,0
"I was desperate, absolutely desperate to",Anticipation,0.0,Anticipation,0.469762,0,0,0
"I was feckin' sloshed, mate. First",Neutral,0.80561,Anger,0.117076,1,1,1
"I was finally here, at the",Neutral,0.451713,Joy,0.1562,1,1,1
I was four years old when,Neutral,0.920524,Anticipation,0.062784,1,1,1
I was hiking on safari in,Neutral,0.898898,Trust,0.038835,1,1,1
I was loitering next to the,Neutral,0.966416,Trust,0.020066,1,1,1
I was n't really the type,Anger,0.0,Anger,0.762497,0,0,0
I was nine years old for,Neutral,0.922976,Anticipation,0.061011,1,1,1
I was so close to getting,Neutral,0.626403,Anticipation,0.074748,1,1,1
I was staring at the screen,Neutral,0.931314,Anger,0.008713,1,1,1
I wear her sister's face. I,Neutral,0.95498,Trust,0.033309,1,1,1
"I went to school in Florida,",Neutral,0.921243,Trust,0.061936,1,1,1
"I woke up groggy, and unable",Sadness,0.0,Sadness,0.545584,0,0,0
I woke up with a blinding,Neutral,0.333307,Anticipation,0.315274,1,0,0
"I woke up, staring at the",Neutral,0.701335,Fear,0.089834,1,1,1
I'd served my time. My Emperor.,Trust,0.0,Trust,0.47848,0,0,0
I'm a deep-sea welder. The main,Neutral,0.896312,Trust,0.074468,1,1,1
"I'm just a normal guy. Really,",Trust,0.0,Trust,0.551112,0,0,0
"I'm not conflicted. Every thought, neuron,",Neutral,0.551239,Trust,0.301965,1,0,0
"I'm waiting for the bus, and",Neutral,0.892162,Trust,0.020402,1,1,1
I've always wanted to write an,Anticipation,0.0,Anticipation,0.771678,0,0,0
I've known my wife since we,Neutral,0.659612,Trust,0.206753,1,0,0
I've never seen this bridge so,Neutral,0.679671,Anticipation,0.108983,1,1,1
If Michael had been asked what,Neutral,0.905637,Surprise,0.043114,1,1,1
If there was anything I missed,Neutral,0.629974,Sadness,0.13586,1,1,1
If you have dreamed about living,Neutral,0.951227,Surprise,0.010994,1,1,1
If you say goodbye enough times,Neutral,0.949434,Trust,0.014146,1,1,1
If you've been around as long,Neutral,0.946096,Trust,0.014659,1,1,1
"In a world played by silence,",Neutral,0.929583,Anticipation,0.021144,1,1,1
"In all honesty, I did n't",Neutral,0.637837,Trust,0.351107,1,0,0
"In my backyard, I found a",Neutral,0.87126,Anticipation,0.03744,1,1,1
In no way was he broadsided,Neutral,0.91976,Anger,0.080535,1,1,1
In the beginning there was the,Neutral,0.919258,Anticipation,0.045792,1,1,1
In the distant land of South,Neutral,0.967437,Trust,0.013148,1,1,1
In the early days of the,Neutral,0.928099,Anticipation,0.039298,1,1,1
In the light of the moon,Neutral,0.960968,Trust,0.012502,1,1,1
"In the middle of the night,",Neutral,0.960401,Trust,0.010458,1,1,1
"In the mornings, I wake up",Neutral,0.952218,Trust,0.023192,1,1,1
In the years since Death and,Neutral,0.943885,Anticipation,0.04321,1,1,1
"In time, their goal was nothing",Neutral,0.853882,Anger,0.05609,1,1,1
"In utter shock and disbelief, Harry's",Surprise,0.0,Surprise,0.856027,0,0,0
Instinct. Instinct had always been his,Neutral,0.913097,Trust,0.106416,1,1,1
Is n't it ironic that man,Neutral,0.517915,Surprise,0.382516,1,0,0
Is there a place in this,Surprise,0.0,Surprise,0.625898,0,0,0
Isaiah had chosen the School of,Neutral,0.956078,Trust,0.036998,1,1,1
It all started as I along,Neutral,0.821892,Anticipation,0.117408,1,1,1
It all started on Halloween. I,Neutral,0.442758,Anticipation,0.133069,1,1,1
It appeared on his cell phone,Neutral,0.968774,Trust,0.015206,1,1,1
It began with a picture of,Neutral,0.94917,Trust,0.024231,1,1,1
It began with a prompt. A,Neutral,0.938647,Trust,0.042074,1,1,1
It begins with a single cube,Neutral,0.966013,Trust,0.016427,1,1,1
It came as a surprise to,Surprise,0.0,Surprise,0.836865,0,0,0
It came back to us. I,Neutral,0.966371,Trust,0.014336,1,1,1
It had been going on for,Neutral,0.823939,Trust,0.131803,1,1,1
"It had been just another night,",Neutral,0.92261,Anticipation,0.060278,1,1,1
It happened exactly as described in,Trust,0.0,Trust,0.709176,0,0,0
It has been a few cycles,Neutral,0.939089,Anticipation,0.02914,1,1,1
It has been fifty years since,Neutral,0.753842,Anticipation,0.164147,1,1,1
It is intuitively obvious even to,Trust,0.0,Trust,0.502451,0,0,0
It is not right to say,Anger,0.0,Anger,0.783418,0,0,0
It is not without a sense,Neutral,0.67465,Trust,0.144808,1,1,1
It started with Mercury. The first,Neutral,0.906588,Trust,0.059126,1,1,1
It took me a few weeks,Neutral,0.720608,Anticipation,0.255226,1,0,0
It was 6 months ago that,Neutral,0.891877,Anticipation,0.07857,1,1,1
It was Christmas Eve. Mr Jones,Joy,0.0,Joy,0.338049,0,0,0
It was a calm sort of,Neutral,0.326988,Trust,0.317739,1,0,0
It was a cold February night,Neutral,0.642937,Anticipation,0.061955,1,1,1
It was a dark and stormy,Fear,0.0,Fear,0.394778,0,0,0
It was a full fledged panic.,Fear,0.0,Fear,0.783909,0,0,0
It was a heated three way,Neutral,0.943249,Trust,0.043984,1,1,1
It was a war for survival.,Neutral,0.651191,Trust,0.086776,1,1,1
It was a warm and unusually,Neutral,0.561269,Trust,0.298915,1,0,0
It was a weird one. Grissom,Disgust,0.0,Disgust,0.461923,0,0,0
"It was an older ship, smaller,",Neutral,0.904462,Trust,0.058324,1,1,1
It was another uneventful day at,Sadness,0.0,Sadness,0.296964,0,0,0
"It was cold, and damp, and",Neutral,0.919313,Anger,0.029491,1,1,1
It was just another day for,Neutral,0.938802,Anticipation,0.017608,1,1,1
"It was just another day, just",Neutral,0.947657,Trust,0.013178,1,1,1
It was my standard Thursday evening,Neutral,0.686602,Trust,0.162129,1,1,1
It was night-time in Noxdie City.,Neutral,0.844815,Trust,0.056538,1,1,1
It was silent. The kitchen was,Neutral,0.948639,Trust,0.021906,1,1,1
It was something he had never,Neutral,0.943177,Anger,0.033684,1,1,1
"It was standard issue protocol, I",Neutral,0.897203,Trust,0.123176,1,1,1
It was supposed to advance the,Neutral,0.950298,Trust,0.03309,1,1,1
It was test day again. She,Neutral,0.861878,Joy,0.055773,1,1,1
It was time. We all took,Neutral,0.815638,Trust,0.07905,1,1,1
It was to be to twenty-five.,Neutral,0.961658,Anticipation,0.014758,1,1,1
It would be nice. I tend,Neutral,0.268192,Anticipation,0.221508,1,0,0
It would have looked pretty normal,Neutral,0.477529,Trust,0.419215,1,0,0
"It's 1960. Also, I watch too",Neutral,0.846981,Anticipation,0.187717,1,1,1
"It's Saturday, October 24th, 2015. The",Neutral,0.561939,Joy,0.222997,1,0,0
"It's a blue little bed, with",Neutral,0.943686,Trust,0.045677,1,1,1
"It's a dirty job, but someone",Anger,0.0,Anger,0.300315,0,0,0
It's almost too easy. Each world,Neutral,0.521724,Trust,0.468687,1,0,0
It's been just over 400 years,Neutral,0.736655,Anticipation,0.098617,1,1,1
It's not so much that you,Neutral,0.824068,Anger,0.179064,1,1,1
It's so strange to think of,Surprise,0.0,Surprise,0.830539,0,0,0
It's the job of our agency,Neutral,0.556701,Trust,0.498523,1,0,0
Its probes were stretched out like,Neutral,0.969089,Trust,0.015382,1,1,1
Jack placed his beer bottle on,Neutral,0.969582,Trust,0.012014,1,1,1
James Swanson was hurrying home to,Neutral,0.971662,Trust,0.013406,1,1,1
James paddled his raft out to,Neutral,0.971411,Trust,0.013297,1,1,1
"Jeff had a long, loud day.",Neutral,0.82018,Sadness,0.040609,1,1,1
Jerry Ehman hated his job. He,Neutral,0.761203,Anger,0.121555,1,1,1
Jerry H. Vah pulled into the,Neutral,0.96763,Trust,0.012937,1,1,1
Jesus likes to talk. Mostly about,Neutral,0.958151,Trust,0.034542,1,1,1
"Jesus ran from the house, pausing",Neutral,0.959296,Trust,0.01417,1,1,1
Jesus turned to his father with,Neutral,0.964683,Trust,0.014597,1,1,1
Jim awoke with a yawn. He,Neutral,0.94523,Trust,0.01744,1,1,1
Jim had been enjoying the best,Joy,0.0,Joy,0.875562,0,0,0
John was looking at his newest,Neutral,0.962268,Trust,0.009892,1,1,1
Jonathan stepped out of the time,Neutral,0.97008,Trust,0.01224,1,1,1
Jones' hair was grey at the,Neutral,0.939229,Trust,0.028604,1,1,1
Journal entry. Today I will go,Neutral,0.953729,Trust,0.022323,1,1,1
Kara holds tighter to the Sky,Neutral,0.95703,Trust,0.023701,1,1,1
Karen opened her eyes in that,Neutral,0.968024,Trust,0.01552,1,1,1
Katie walked in on Ken as,Neutral,0.970249,Trust,0.016178,1,1,1
Kim challenged the Yellow Dragon to,Neutral,0.964737,Trust,0.010488,1,1,1
Kosovo starred up at the massive,Neutral,0.952952,Trust,0.029881,1,1,1
Krondor's towering skyscrapers glittered in the,Neutral,0.797613,Trust,0.04778,1,1,1
"Ladies and gentlemen, Your search is",Neutral,0.932541,Trust,0.01633,1,1,1
Leaves swirled around the empty park,Neutral,0.966084,Trust,0.011629,1,1,1
"Left is the sinister, the underhand,",Neutral,0.965854,Trust,0.014554,1,1,1
"Level 49 Paladin, schizophrenic calling's, walking",Neutral,0.966692,Trust,0.016312,1,1,1
Life feeds life. All living things,Neutral,0.859069,Trust,0.132328,1,1,1
Life on the reservation was miserable.,Sadness,0.0,Sadness,0.666413,0,0,0
"Life was good, people were trouble.",Joy,0.0,Joy,0.393326,0,0,0
Like aged blinds from an office,Neutral,0.949891,Anger,0.018756,1,1,1
Little Sam woke up in a,Neutral,0.964972,Trust,0.014793,1,1,1
"Look. I know you've tried, that",Trust,0.0,Trust,0.462452,0,0,0
Looking ahead as she walked from,Neutral,0.963671,Trust,0.009944,1,1,1
"Looking back, I wish I was",Anticipation,0.0,Anticipation,0.765624,0,0,0
Lounging on the warm sand and,Neutral,0.804737,Joy,0.123725,1,1,1
Lucifer stood in a grand hall,Neutral,0.927727,Trust,0.02167,1,1,1
Luke grasped the pillar with his,Neutral,0.967842,Trust,0.015471,1,1,1
Lurking can teach you a lot,Neutral,0.472414,Trust,0.433639,1,0,0
MC Morlock smiled as he looked,Joy,0.0,Joy,0.517484,0,0,0
MICAH is a full AI humanoid,Neutral,0.966407,Trust,0.017836,1,1,1
Magazine covers really have a way,Neutral,0.650666,Trust,0.243286,1,0,0
Marc Rebus was now the eldest,Neutral,0.960073,Trust,0.024557,1,1,1
Marcus kneaded the bal in his,Neutral,0.970836,Trust,0.014399,1,1,1
Mark Overly had to apply more,Neutral,0.961738,Trust,0.024618,1,1,1
Mark's leg shook violently in his,Neutral,0.883418,Sadness,0.069445,1,1,1
"Markus Gerulf, newly made Baron of",Neutral,0.934231,Trust,0.014813,1,1,1
Marshall sat on the edge of,Neutral,0.969939,Trust,0.015778,1,1,1
Mary glared in shock at the,Surprise,0.0,Surprise,0.660342,0,0,0
Mashing up an old and new,Neutral,0.950423,Trust,0.016246,1,1,1
Mathala and his rugged band of,Neutral,0.954126,Trust,0.023492,1,1,1
Mathis sat heavily on the large,Neutral,0.954879,Trust,0.028724,1,1,1
"Memories, emotions, beliefs, traits of personality",Neutral,0.95213,Trust,0.033112,1,1,1
Men have for ages endured a,Neutral,0.866077,Trust,0.071817,1,1,1
Metal. Metal is how my world,Neutral,0.78944,Trust,0.14766,1,1,1
Michael sat down on the toilet,Neutral,0.963748,Anger,0.013621,1,1,1
"Michael sipped his coffee, scanning through",Neutral,0.957207,Trust,0.017583,1,1,1
Mist sneaked it's way across the,Neutral,0.961969,Trust,0.016185,1,1,1
"Mordecai sat in his workshop, idly",Neutral,0.844093,Trust,0.047473,1,1,1
Most people think I am in,Neutral,0.949054,Trust,0.02969,1,1,1
Mother fuckers Started as blobs Evolved,Anger,0.0,Anger,0.685428,0,0,0
Mr. Kenley stood before the court,Neutral,0.963017,Trust,0.01144,1,1,1
Mr. Robert E. Haynes was anything,Neutral,0.966821,Trust,0.015494,1,1,1
"Mr. Trump, it's time, he will",Neutral,0.734371,Trust,0.258845,1,0,0
Mrs. Jones looked up from her,Neutral,0.95876,Trust,0.01814,1,1,1
"My brother lay in the bed,",Neutral,0.965764,Trust,0.014308,1,1,1
My cellphone rang. I wiped my,Neutral,0.885256,Anticipation,0.04534,1,1,1
My eye's did n't come off,Neutral,0.894419,Anger,0.095933,1,1,1
My eyes hurt and it feels,Sadness,0.0,Sadness,0.884913,0,0,0
My eyes snap open just before,Neutral,0.955129,Anticipation,0.01771,1,1,1
My father holds me tighter as,Neutral,0.543082,Sadness,0.128226,1,1,1
My father was a soldier. It,Neutral,0.8468,Trust,0.072907,1,1,1
My friend Forg trembled as he,Neutral,0.896894,Fear,0.049094,1,1,1
My human calls me Vanilla. I,Neutral,0.925187,Trust,0.037016,1,1,1
"My legion marched as one, shields",Neutral,0.929331,Trust,0.060771,1,1,1
My life changed the day the,Neutral,0.575365,Anticipation,0.43821,1,0,0
My parents name were Fran and,Neutral,0.936738,Trust,0.035373,1,1,1
My sister used to tell me,Neutral,0.95045,Trust,0.014813,1,1,1
My team and I had found,Neutral,0.904494,Trust,0.030034,1,1,1
My wife stared up in awe.,Joy,0.0,Joy,0.403874,0,0,0
My wife was always so submissive,Neutral,0.624431,Sadness,0.223275,1,0,0
NASA astronaut Kathy Harrison was the,Neutral,0.967047,Trust,0.01823,1,1,1
Nate could feel the sweat dripping,Neutral,0.961196,Trust,0.017842,1,1,1
Nathan and his friends were gathered,Neutral,0.970496,Trust,0.012814,1,1,1
Nathan stood over Kenny. He was,Neutral,0.969896,Trust,0.013513,1,1,1
National Parks are a beautiful part,Trust,0.0,Trust,0.947033,0,0,0
Natsuki jetted about the surface with,Neutral,0.967447,Trust,0.015285,1,1,1
New History. Refer to first one,Neutral,0.947353,Trust,0.025055,1,1,1
No one knew where it came,Surprise,0.0,Surprise,0.728054,0,0,0
No one was surprised. It might,Neutral,0.797168,Surprise,0.092374,1,1,1
Nobody cracked a smile or spoke,Neutral,0.717297,Sadness,0.097903,1,1,1
"Nobody understand candle. Candle is light,",Neutral,0.949869,Anger,0.014042,1,1,1
Normally people on Black Friday look,Neutral,0.804791,Trust,0.031341,1,1,1
Normally the brain is the last,Neutral,0.922852,Trust,0.054577,1,1,1
Norvaan was a strange world. It,Neutral,0.843431,Surprise,0.068371,1,1,1
Not sure if it's proper to,Surprise,0.0,Surprise,0.910427,0,0,0
"Now deep down in hell, where",Neutral,0.51486,Anger,0.11487,1,1,1
"Now that he was a man,",Neutral,0.945399,Trust,0.02123,1,1,1
"Now, the thing about being born",Neutral,0.882908,Anticipation,0.076864,1,1,1
"Oars creaking in their rowlocks, ancient",Neutral,0.934111,Trust,0.025892,1,1,1
"Oh boy, a Half Life 2",Neutral,0.855878,Joy,0.058598,1,1,1
Old man Bayou woke up before,Neutral,0.944536,Trust,0.034878,1,1,1
Oliver told himself that he did,Neutral,0.96639,Trust,0.01503,1,1,1
On a patch of dirt it,Neutral,0.967658,Anger,0.012257,1,1,1
"On our first date, we went",Joy,0.0,Joy,0.389424,0,0,0
Once there was a horse named,Neutral,0.893907,Anticipation,0.06616,1,1,1
"Once upon a time, in a",Neutral,0.696991,Anticipation,0.145436,1,1,1
One billion dollars to kill one,Neutral,0.86976,Anger,0.07142,1,1,1
One day a Unicorn had fallen,Neutral,0.883767,Anticipation,0.035111,1,1,1
"One thud, that's all. One thud",Neutral,0.923372,Trust,0.024524,1,1,1
Oskar sat in the sleazy motel,Neutral,0.939422,Anger,0.023718,1,1,1
Our carrier was a few feet,Neutral,0.966034,Trust,0.01449,1,1,1
Our'settlement' was purely a trial. There,Neutral,0.95884,Trust,0.023075,1,1,1
Outlaws. It all started with Dr.,Neutral,0.75423,Anger,0.091357,1,1,1
P o w e r. A,Neutral,0.968836,Trust,0.009142,1,1,1
Pa never had much faith in,Neutral,0.48526,Sadness,0.362816,1,0,0
Paul stood firm while everyone else,Neutral,0.948338,Trust,0.028579,1,1,1
People usually hire me to kill,Neutral,0.874468,Anger,0.021797,1,1,1
Personal Demons The victim was wide,Neutral,0.970449,Trust,0.015797,1,1,1
Peter Parker cradled the lifeless body,Neutral,0.946111,Sadness,0.038641,1,1,1
"Planets are Alpha and Omega, the",Neutral,0.96204,Trust,0.020641,1,1,1
"Poets, the philosophically inclined and peddlers",Neutral,0.966874,Trust,0.015687,1,1,1
"President Pitzer, Mr. Vice President, Governor,",Neutral,0.964965,Trust,0.014098,1,1,1
Project ice that's what we dubbed,Neutral,0.93025,Trust,0.042812,1,1,1
Queen Malvina says nothing as she,Neutral,0.93835,Anger,0.03697,1,1,1
Raphael was working much more these,Neutral,0.959475,Trust,0.030484,1,1,1
Really happy warnings were spun around,Joy,0.0,Joy,0.883103,0,0,0
Ripley's personal trainer once told him,Neutral,0.966687,Trust,0.014828,1,1,1
Risk Legacy was a special kind,Neutral,0.942372,Trust,0.037,1,1,1
Roger the Elf sat in the,Neutral,0.966437,Trust,0.015989,1,1,1
Rowan collapsed on the steps of,Neutral,0.947607,Sadness,0.032416,1,1,1
Ryder sighed as he appeared in,Neutral,0.920892,Sadness,0.045519,1,1,1
Safirameal chuckeld to himself. Finally someone,Neutral,0.959051,Trust,0.010429,1,1,1
"Sailing into oblivion, it all ends",Sadness,0.0,Sadness,0.54866,0,0,0
Salutations. Tomorrow is too far. Today,Neutral,0.733849,Trust,0.101141,1,1,1
Samantha waited in the dark room,Neutral,0.964768,Trust,0.018369,1,1,1
"Samuel was tall, towering over everyone",Neutral,0.822396,Trust,0.158656,1,1,1
"Santa was tired, his feet dragging,",Neutral,0.871884,Sadness,0.131697,1,1,1
Sarah Wengrave stared into oblivion where,Neutral,0.910988,Anger,0.018831,1,1,1
Sarah watched as her arch-nemesis Dr.,Neutral,0.964778,Trust,0.012076,1,1,1
Seated in my old leather arm,Neutral,0.963102,Trust,0.014189,1,1,1
Sergeant Clark lifted his wrist to,Neutral,0.971169,Anger,0.009889,1,1,1
She always shined. Even in the,Neutral,0.579228,Trust,0.367333,1,0,0
"She approached the tree, axe in",Neutral,0.968255,Trust,0.016436,1,1,1
She arose to a sparkling light,Neutral,0.393689,Trust,0.330221,1,0,0
She had long since abandoned the,Neutral,0.829658,Sadness,0.195442,1,1,1
She had to escape. She had,Neutral,0.961421,Trust,0.016623,1,1,1
She loved him. She told him,Joy,0.0,Joy,0.914164,0,0,0
She sat across from him hunched,Neutral,0.967994,Trust,0.014256,1,1,1
"She sat down, crossing her legs",Neutral,0.966203,Trust,0.016726,1,1,1
She stood on the platform. Behind,Neutral,0.968907,Trust,0.015874,1,1,1
She threw her right leg over,Neutral,0.96744,Trust,0.011082,1,1,1
She was lost in the hustle,Neutral,0.740161,Sadness,0.366839,1,0,0
She's a broken bird. An angel,Sadness,0.0,Sadness,0.486207,0,0,0
"Shiloh flips the page, looking for",Neutral,0.969963,Trust,0.009928,1,1,1
Simon kicked at the dirt nervously,Neutral,0.569663,Fear,0.137229,1,1,1
"Since the dawn of human kind,",Neutral,0.919439,Anticipation,0.057039,1,1,1
Since the invention of the dimensional,Neutral,0.924773,Anticipation,0.04516,1,1,1
"Slowly, the seasons changed. Winter turned",Neutral,0.612803,Anticipation,0.442559,1,0,0
So here i am... again for,Neutral,0.813938,Joy,0.102928,1,1,1
So two days after writing the,Neutral,0.951236,Anticipation,0.016449,1,1,1
"So, I'm the computer guy in",Neutral,0.90389,Trust,0.079612,1,1,1
"Somewhere, among the stars, I could",Neutral,0.927207,Trust,0.028536,1,1,1
Sorry this is n't what you,Sadness,0.0,Sadness,0.803951,0,0,0
Sparks an unlikely reluctant villain that,Neutral,0.935377,Anticipation,0.015442,1,1,1
Staguard rode atop his steed whom,Neutral,0.969751,Trust,0.012314,1,1,1
Standing before the great tree took,Neutral,0.739829,Trust,0.258392,1,0,0
"Staring down at the hacksaw blade,",Neutral,0.899016,Fear,0.025934,1,1,1
"Stark was late, as the headmaster",Neutral,0.946773,Anticipation,0.015044,1,1,1
"Steam filled the room, my face",Neutral,0.79657,Trust,0.033338,1,1,1
"Steel bars rolled back, clanging as",Neutral,0.961553,Trust,0.013673,1,1,1
Steve just stared at the ceiling.,Neutral,0.94048,Anger,0.008121,1,1,1
Stimulus. Reaction. Repeat. It was all,Neutral,0.954329,Trust,0.029128,1,1,1
Straight Gary was very straight. He,Neutral,0.914829,Trust,0.080713,1,1,1
Susie stood in her kitchen and,Neutral,0.971141,Trust,0.010803,1,1,1
TIFU By... Just read the story...,Neutral,0.940965,Trust,0.046642,1,1,1
Taliber opened the door to the,Neutral,0.969532,Trust,0.014317,1,1,1
Tell me if I should write,Surprise,0.0,Surprise,0.609168,0,0,0
Temporary under secretary of measurement conversion.,Neutral,0.955527,Trust,0.019194,1,1,1
Tens and tens of wispy figures,Neutral,0.967036,Anger,0.01244,1,1,1
Tensions were high. That can happen,Neutral,0.779021,Trust,0.172065,1,1,1
Terra was always considered the land,Neutral,0.945005,Trust,0.043169,1,1,1
Thankfully the theater bathroom was empty,Joy,0.0,Joy,0.44954,0,0,0
That day - that damn day,Neutral,0.311125,Anger,0.255628,1,0,0
That's not fair. Said Jimmy. His,Anger,0.0,Anger,0.672411,0,0,0
The Door of Dimensions loomed before,Neutral,0.954252,Anticipation,0.010436,1,1,1
The Fireholder looks to his two,Neutral,0.967587,Trust,0.016144,1,1,1
The God of our Universe looked,Neutral,0.945124,Trust,0.022566,1,1,1
"The Great Daemon, the unholy spirit.",Trust,0.0,Trust,0.889638,0,0,0
The Impala's engine throbbed through the,Neutral,0.950218,Trust,0.021067,1,1,1
The Manhattan Project failed. The war,Sadness,0.0,Sadness,0.699104,0,0,0
The Orange Knight carried an orange,Neutral,0.97053,Trust,0.014027,1,1,1
"The Pop Idols, as they have",Neutral,0.938309,Trust,0.048462,1,1,1
The President wiped his brow. This,Neutral,0.962759,Anger,0.01344,1,1,1
The Quiet Zone had been here,Neutral,0.92817,Trust,0.054871,1,1,1
The Rise of the American Empire,Neutral,0.802615,Trust,0.066436,1,1,1
The Sea Weeps Around me the,Neutral,0.945478,Anticipation,0.015782,1,1,1
"The Skyfall Incident had, by all",Neutral,0.944049,Trust,0.028029,1,1,1
The Swedes were once thought of,Neutral,0.853217,Anticipation,0.11741,1,1,1
"The Universe, as best as we",Neutral,0.595949,Trust,0.116375,1,1,1
The Winslow theater emptied its audience,Neutral,0.945052,Anger,0.019269,1,1,1
"The Wraith lies bleeding. No, this",Neutral,0.489302,Anger,0.399581,1,0,0
The air in the room hangs,Neutral,0.962482,Trust,0.01544,1,1,1
The air instantly changed whenever she,Neutral,0.938091,Trust,0.040725,1,1,1
The air raid siren howled into,Neutral,0.903376,Fear,0.03228,1,1,1
The air's thick in my throat.,Neutral,0.883038,Trust,0.019742,1,1,1
The alarm clock made its intentionally,Neutral,0.921587,Anticipation,0.031066,1,1,1
The alchemist skulked into the great,Trust,0.0,Trust,0.864959,0,0,0
"The ash on the ground, crumbling",Neutral,0.935997,Anger,0.019539,1,1,1
The axe sunk deeply into night-blue,Neutral,0.9547,Trust,0.019412,1,1,1
The bar is poorly lit and,Sadness,0.0,Sadness,0.470495,0,0,0
The bar was intimate. Lampshades poured,Neutral,0.935916,Trust,0.079614,1,1,1
The blind pilots fly And we,Neutral,0.963301,Trust,0.015887,1,1,1
The blood mage looked down at,Neutral,0.961877,Trust,0.010422,1,1,1
The board room was tense. Molly,Neutral,0.669743,Fear,0.065416,1,1,1
The bombshells blast the ground every,Neutral,0.941795,Anger,0.012501,1,1,1
The book fell to the floor,Neutral,0.679109,Sadness,0.336025,1,0,0
The brain considered the liver for,Neutral,0.967038,Trust,0.018303,1,1,1
The brassy ring of the bell,Neutral,0.889933,Trust,0.036754,1,1,1
The burning tails of smoke pierced,Neutral,0.962553,Anger,0.011012,1,1,1
The burning tar stuck to my,Neutral,0.932138,Anger,0.037683,1,1,1
"The camera sat on the table,",Neutral,0.968257,Trust,0.013316,1,1,1
"The cavern pool water rippled, until",Neutral,0.958728,Trust,0.017909,1,1,1
The chest was empty. Raging fucking,Anger,0.0,Anger,0.694683,0,0,0
The cityscape was awash in a,Neutral,0.617966,Trust,0.102163,1,1,1
The clank of the gates still,Neutral,0.904107,Trust,0.043208,1,1,1
The clock ticked a-rhythmically and uncomfortably,Neutral,0.712622,Sadness,0.143706,1,1,1
The cloud of dust settled slowly,Neutral,0.948647,Trust,0.026671,1,1,1
The coarse texture of the paper,Neutral,0.965287,Trust,0.01877,1,1,1
The colors on me are still,Neutral,0.946457,Trust,0.03614,1,1,1
The committee of aliens stood before,Neutral,0.962321,Anger,0.012913,1,1,1
The courier arrived at the front,Neutral,0.965598,Trust,0.017478,1,1,1
The courthouse had swollen with damp,Neutral,0.783967,Anger,0.077627,1,1,1
"The courtroom sat still, silently waiting",Neutral,0.958371,Trust,0.01586,1,1,1
The crowd gathered on the patio,Neutral,0.954502,Trust,0.019502,1,1,1
The dark wizard Zanzubus stood over,Neutral,0.968028,Trust,0.010014,1,1,1
The day has finally come. My,Joy,0.0,Joy,0.411611,0,0,0
"The day my life started, I",Neutral,0.548414,Anticipation,0.395888,1,0,0
The deal was made. He knew,Neutral,0.929381,Trust,0.047644,1,1,1
"The director straightened his tie, and",Neutral,0.936522,Trust,0.024956,1,1,1
The doctor stumbled his way in,Neutral,0.956209,Trust,0.01738,1,1,1
The door opened and Caretaker 13J,Neutral,0.965557,Trust,0.008874,1,1,1
"The drink had got to me,",Neutral,0.918705,Trust,0.017702,1,1,1
"The elder snorted, her filthy braids",Neutral,0.502396,Disgust,0.405398,1,0,0
"The elevator was silent. Five bodies,",Neutral,0.958779,Trust,0.015419,1,1,1
"The envelope was heavy. Very heavy,",Neutral,0.876493,Trust,0.023008,1,1,1
The family patriarch ascended the grounds,Neutral,0.934317,Trust,0.029441,1,1,1
"The film was one by MGM,",Neutral,0.958808,Trust,0.025105,1,1,1
The fire rose to terrible heights,Fear,0.0,Fear,0.550196,0,0,0
The first couple weeks after assignment,Neutral,0.944657,Anticipation,0.019328,1,1,1
The first door thunked shut behind,Neutral,0.92258,Sadness,0.015753,1,1,1
"The first rule of heaven, hell,",Neutral,0.904222,Anger,0.038447,1,1,1
The first thing that struck Larry,Neutral,0.932877,Anticipation,0.028192,1,1,1
The forked trail shined with dew,Neutral,0.88429,Anger,0.03739,1,1,1
The four of us knelt as,Neutral,0.964176,Trust,0.016343,1,1,1
The great god Kuang Feng looked,Trust,0.0,Trust,0.688469,0,0,0
"The great wars, of the Dwarves",Trust,0.0,Trust,0.596991,0,0,0
The hellfires raged in the chief's,Neutral,0.880962,Anger,0.026129,1,1,1
"The house was quiet, but for",Neutral,0.663282,Trust,0.085328,1,1,1
The index and middle finger of,Neutral,0.969489,Trust,0.013688,1,1,1
The jungle can kill you. Charlie,Neutral,0.647186,Fear,0.079214,1,1,1
The list in front of me,Neutral,0.957841,Anger,0.013592,1,1,1
"The machines beeped in the background,",Neutral,0.935473,Trust,0.025227,1,1,1
"The man crawled over the border,",Neutral,0.963374,Trust,0.02079,1,1,1
The man dragged the racist down,Neutral,0.957717,Anger,0.020392,1,1,1
The man was deeply troubled. And,Sadness,0.0,Sadness,0.787297,0,0,0
The man who ran faster than,Neutral,0.846011,Trust,0.121248,1,1,1
"The meal was palpable, but nothing",Neutral,0.868263,Trust,0.086255,1,1,1
"The more I read them, the",Neutral,0.855128,Trust,0.107303,1,1,1
The morning sun cut through the,Neutral,0.958269,Trust,0.020332,1,1,1
The mug of tea was steaming,Neutral,0.959306,Trust,0.016869,1,1,1
The numbers and variables on the,Neutral,0.970366,Trust,0.011404,1,1,1
The numbers appeared. They were green.,Neutral,0.936316,Anticipation,0.026926,1,1,1
The old man had always warned,Neutral,0.583396,Trust,0.051715,1,1,1
The old man limped along the,Neutral,0.96863,Trust,0.0151,1,1,1
The old man looked up at,Neutral,0.959276,Trust,0.014897,1,1,1
The old men and women sat,Neutral,0.966208,Trust,0.014319,1,1,1
The old woman sits in a,Neutral,0.969569,Trust,0.01232,1,1,1
The paperwork required should n't have,Neutral,0.760488,Anger,0.324358,1,0,0
"The pen scrabbled on the paper,",Neutral,0.970828,Anger,0.011296,1,1,1
The piano's keys hammered out a,Neutral,0.965623,Trust,0.015291,1,1,1
The pitter-patter of little feet across,Neutral,0.925692,Trust,0.025654,1,1,1
The possibilities were so endless as,Neutral,0.654779,Trust,0.104532,1,1,1
"The raccoon is staring at me,",Neutral,0.932374,Joy,0.011373,1,1,1
"The radio crackles to life, and",Neutral,0.889451,Joy,0.029565,1,1,1
The rage of dying left me,Neutral,0.244554,Sadness,0.185157,1,1,1
The recruiter waited inside the small,Neutral,0.965976,Trust,0.018356,1,1,1
"The reunion was not disappointing, it",Sadness,0.0,Sadness,0.676928,0,0,0
The rifle was heavy in his,Neutral,0.948745,Trust,0.033237,1,1,1
"The river flowed gently, ebbing to",Neutral,0.8495,Trust,0.153032,1,1,1
The river sparkled a clear azure,Neutral,0.838984,Trust,0.061421,1,1,1
The room falls silent. Every occupant,Neutral,0.957173,Trust,0.013317,1,1,1
"The room is dark, clouded with",Neutral,0.826386,Anticipation,0.021916,1,1,1
The shrill cries of the Calthae,Neutral,0.920563,Sadness,0.022192,1,1,1
The shrill sounds of feathered flappy,Neutral,0.832722,Fear,0.020274,1,1,1
The sign on the ground was,Neutral,0.965679,Trust,0.01869,1,1,1
The silence was the first thing,Neutral,0.94446,Trust,0.024071,1,1,1
The sky grew ever darker as,Neutral,0.370913,Fear,0.229721,1,0,0
The sky trickled as my heart,Neutral,0.966109,Trust,0.015104,1,1,1
The smell of pine needles. Grass,Neutral,0.816394,Disgust,0.041229,1,1,1
The smell of pizza emanating from,Neutral,0.77277,Disgust,0.050534,1,1,1
"The smell of roses, stepped on",Neutral,0.675094,Trust,0.050851,1,1,1
The smell was what he could,Neutral,0.930315,Trust,0.061668,1,1,1
The soft weight of my daughter,Sadness,0.0,Sadness,0.548059,0,0,0
The song of steel rings through,Neutral,0.948249,Trust,0.036905,1,1,1
The sound of feet running down,Neutral,0.927876,Anger,0.013148,1,1,1
The sound shattered a universe. Steel,Neutral,0.45426,Sadness,0.216064,1,0,0
The stark chords of Tosca begin,Neutral,0.959611,Trust,0.020218,1,1,1
The stink of the hitchhiker hit,Neutral,0.756955,Disgust,0.176931,1,1,1
"The storm came on slowly, looming",Neutral,0.921442,Trust,0.039953,1,1,1
The storm that had badgered and,Neutral,0.60401,Anger,0.210258,1,0,0
The surprise on his face was,Surprise,0.0,Surprise,0.861693,0,0,0
The symbol was an upside-down seven.,Neutral,0.962775,Trust,0.020531,1,1,1
The tall man in dark clothes,Neutral,0.908439,Trust,0.040838,1,1,1
The tension in the room was,Neutral,0.554411,Fear,0.078823,1,1,1
The train was empty. Strangely so.,Neutral,0.432055,Sadness,0.203208,1,0,0
The two armies were quiet and,Neutral,0.936346,Trust,0.034902,1,1,1
The two mice threw long shadows,Neutral,0.959142,Trust,0.018977,1,1,1
The two opponents leered at each,Neutral,0.926758,Joy,0.010921,1,1,1
The vast hull of the X'tac,Neutral,0.966339,Trust,0.015715,1,1,1
The village was always peaceful at,Joy,0.0,Joy,0.407433,0,0,0
The walls of Xebar-70 shook like,Neutral,0.913043,Anger,0.020527,1,1,1
"The war was over, with no",Neutral,0.514102,Trust,0.160599,1,1,1
The wind blows briefly kissing my,Neutral,0.919786,Joy,0.014644,1,1,1
The wind was soft through the,Neutral,0.931412,Trust,0.047031,1,1,1
The winding road extends before me,Neutral,0.947355,Trust,0.025846,1,1,1
The woman who walked into Holmes's,Neutral,0.963381,Trust,0.015316,1,1,1
The woman woke up feeling the,Neutral,0.963572,Trust,0.01814,1,1,1
"The world ends, not with a",Neutral,0.594131,Anger,0.226737,1,0,0
"The world had ended, and we",Sadness,0.0,Sadness,0.851758,0,0,0
The young woman stood by the,Neutral,0.969439,Trust,0.01316,1,1,1
"Their eyes lit up, orange with",Neutral,0.67889,Trust,0.078127,1,1,1
Their hands are a tight tangle,Neutral,0.945453,Trust,0.013984,1,1,1
"There are some things, no matter",Neutral,0.62566,Trust,0.28545,1,0,0
There is a old man and,Neutral,0.967229,Trust,0.012649,1,1,1
"There is a whimper, and a",Neutral,0.938265,Trust,0.018542,1,1,1
There is forest that rests along,Neutral,0.957262,Trust,0.02621,1,1,1
There is little needed to be,Neutral,0.920747,Trust,0.040174,1,1,1
There is one man they turn,Neutral,0.962676,Trust,0.018171,1,1,1
There it is again. The scratching.,Neutral,0.877655,Trust,0.032593,1,1,1
There once was a man from,Neutral,0.92895,Anticipation,0.03362,1,1,1
There was a peaceful day. A,Joy,0.0,Joy,0.847151,0,0,0
There was a world before this.,Neutral,0.855657,Anticipation,0.090998,1,1,1
There was another one today. I,Neutral,0.953381,Trust,0.021933,1,1,1
There was n't really a record,Neutral,0.908004,Anger,0.078334,1,1,1
"There was no warning, no call",Neutral,0.921835,Anger,0.022577,1,1,1
"There were Heroes, when I was",Neutral,0.902305,Anticipation,0.075448,1,1,1
There were no screams when I,Neutral,0.918528,Trust,0.032993,1,1,1
There's a grand piano at the,Trust,0.0,Trust,0.505559,0,0,0
There's a problem with being a,Anger,0.0,Anger,0.474322,0,0,0
There's someone in my head but,Neutral,0.939262,Anticipation,0.025188,1,1,1
These abilities would often manifest in,Neutral,0.875407,Trust,0.107214,1,1,1
These chains they keep biting like,Neutral,0.964685,Trust,0.016205,1,1,1
"They all look dumbfounded, the 30",Neutral,0.445528,Surprise,0.228869,1,0,0
They always fall. When they come,Neutral,0.948316,Trust,0.028973,1,1,1
They always say in fairytales that,Neutral,0.949832,Trust,0.03623,1,1,1
They asked first that he renounce,Neutral,0.968338,Anger,0.010949,1,1,1
They ca n't see me They,Neutral,0.968798,Trust,0.009002,1,1,1
They call him'The Webber'. Only the,Neutral,0.942294,Trust,0.028946,1,1,1
"They called my Binyamin, before the",Neutral,0.960908,Trust,0.018873,1,1,1
They held hands as they stood,Neutral,0.965756,Trust,0.019132,1,1,1
"They kept laughing, they kept pointing",Joy,0.0,Joy,0.544189,0,0,0
"They lost everything. Moved on, settled",Neutral,0.74844,Sadness,0.423027,1,0,0
They never stop coming. Day after,Neutral,0.950494,Trust,0.025926,1,1,1
"They said I had no power,",Neutral,0.865237,Anger,0.087849,1,1,1
They say the only certainty in,Neutral,0.941353,Trust,0.040054,1,1,1
They say you die of old,Neutral,0.96825,Trust,0.011888,1,1,1
They were alone in a cold,Neutral,0.967503,Trust,0.010525,1,1,1
They were called The Undying. They,Neutral,0.94053,Trust,0.025358,1,1,1
They would n't have even made,Neutral,0.842796,Anger,0.178782,1,1,1
Things were n't like they used,Neutral,0.687155,Anger,0.301623,1,0,0
This fruit is deliciously balanced. Neither,Neutral,0.518419,Trust,0.313345,1,0,0
This is gon na suck. Normally,Anger,0.0,Anger,0.601729,0,0,0
This is good. Few things to,Trust,0.0,Trust,0.895667,0,0,0
This is insane. When I'd picked,Neutral,0.29356,Joy,0.221883,1,0,0
"This is most unwelcome, and most",Anger,0.0,Anger,0.684284,0,0,0
This is the last one. This,Neutral,0.967776,Trust,0.01258,1,1,1
This was a place where departed,Neutral,0.949991,Trust,0.030279,1,1,1
This was my favourite type of,Joy,0.0,Joy,0.851698,0,0,0
This was not what he expected.,Anger,0.0,Anger,0.653562,0,0,0
This was the 42nd time we,Neutral,0.572184,Joy,0.206635,1,0,0
This was the first time she,Neutral,0.846118,Anticipation,0.067109,1,1,1
This was the third time this,Neutral,0.87563,Anticipation,0.064435,1,1,1
This world is dying. The star,Sadness,0.0,Sadness,0.772664,0,0,0
"Thomas Strinner, a middle class father",Neutral,0.936739,Trust,0.03244,1,1,1
Thomas awoke in the dark and,Neutral,0.952402,Anticipation,0.018187,1,1,1
Thomas pressed the flat of his,Neutral,0.968401,Anger,0.010413,1,1,1
Three men of different species sat,Neutral,0.965247,Trust,0.01309,1,1,1
"Thron Toughscale paced in the alley,",Neutral,0.971375,Trust,0.014233,1,1,1
Tic Tac is a middle aged,Neutral,0.96688,Trust,0.015322,1,1,1
Tim had never accepted a bribe,Neutral,0.840387,Anger,0.113239,1,1,1
"Tim, as his host had called",Neutral,0.959405,Trust,0.018569,1,1,1
Timothy Gregory remembered that day well.,Neutral,0.717595,Anticipation,0.185387,1,1,1
"Timothy held on to the knob,",Neutral,0.967544,Trust,0.016543,1,1,1
Tinder Once in a while that,Neutral,0.960538,Trust,0.012094,1,1,1
Today started just like any other,Neutral,0.703421,Trust,0.268871,1,0,0
Today was a perfectly normal day.,Trust,0.0,Trust,0.285341,0,0,0
"Today, was the day my adopted",Joy,0.0,Joy,0.435093,0,0,0
Tomas walked into the long hall,Neutral,0.962331,Trust,0.016291,1,1,1
Torin looked at the site with,Neutral,0.970525,Trust,0.013065,1,1,1
"Tough. Male, obviously. Aggressive, above average",Trust,0.0,Trust,0.844001,0,0,0
"Tracey appeared in a dark expanse,",Neutral,0.964974,Trust,0.013217,1,1,1
Trapped in a moment twixt coffee,Neutral,0.96268,Anger,0.010223,1,1,1
Trashcan That piece of shit Dave,Neutral,0.615649,Anger,0.309514,1,0,0
Trembling candle light and a smell,Neutral,0.758834,Disgust,0.071802,1,1,1
Tugtug was Declan's favorite toy. Daddy,Joy,0.0,Joy,0.488719,0,0,0
Twelve chairs are arranged in a,Neutral,0.968062,Trust,0.015457,1,1,1
"Twenty years old, her age when",Neutral,0.951211,Anticipation,0.029371,1,1,1
Two Grand Magi stared across at,Neutral,0.961333,Anger,0.008828,1,1,1
Two blurry colors were making zig,Neutral,0.802422,Surprise,0.074409,1,1,1
Two homeless men stand outside a,Neutral,0.959141,Anger,0.019041,1,1,1
"Two people, standing in the doorway.",Neutral,0.967198,Trust,0.01006,1,1,1
"Two stand among the countless dead,",Neutral,0.965126,Trust,0.016034,1,1,1
Ulysses Durant had never been a,Neutral,0.94497,Anger,0.03476,1,1,1
Uncle Bucky sat there for a,Neutral,0.957127,Trust,0.017589,1,1,1
"Unforgiving Phineas, in all his booming",Neutral,0.919561,Anger,0.028615,1,1,1
Up ahead the old facility was,Neutral,0.956132,Trust,0.02129,1,1,1
Urist McDrunkdwarf bashes Lor Gemcalls in,Neutral,0.968539,Anger,0.011469,1,1,1
VORAL IMPERIAL HERALD VERDICT REACHED IN,Neutral,0.958565,Trust,0.009095,1,1,1
Water from a broken metal pipe,Neutral,0.965161,Anger,0.011862,1,1,1
We are Man. Ours was the,Neutral,0.925407,Trust,0.044122,1,1,1
We both heard the sound at,Neutral,0.843171,Trust,0.079078,1,1,1
We have an arrangement based off,Neutral,0.914845,Trust,0.082754,1,1,1
We interrupt this program to bring,Neutral,0.956307,Anger,0.01651,1,1,1
"We knew we could n't win,",Sadness,0.0,Sadness,0.553835,0,0,0
"We still called ourselves humans, but",Neutral,0.665247,Trust,0.11628,1,1,1
"We were gentle, once. I do",Neutral,0.767768,Trust,0.178255,1,1,1
We were n't exactly sure what,Surprise,0.0,Surprise,0.900648,0,0,0
We were not ready. We were,Anger,0.0,Anger,0.709744,0,0,0
We were surrounded by metal on,Neutral,0.959607,Trust,0.02168,1,1,1
"We're in some dingy Roadhall, the",Neutral,0.915066,Anger,0.025883,1,1,1
We're trapped in these steamworks. The,Neutral,0.907962,Anger,0.028885,1,1,1
Welcome to the physical world Generation,Trust,0.0,Trust,0.638171,0,0,0
"What a drag, nowadays you do",Neutral,0.407341,Anger,0.24298,1,0,0
"When I was a young boy,",Neutral,0.93862,Anticipation,0.037137,1,1,1
When I was born I was,Neutral,0.892527,Anticipation,0.101195,1,1,1
"When I was in fourth grade,",Neutral,0.918587,Anticipation,0.04386,1,1,1
"When Mrs Brown started crying, and",Neutral,0.865418,Sadness,0.139269,1,1,1
When humanity finally took the leap,Neutral,0.806688,Anticipation,0.094216,1,1,1
When people lay on their deathbeds,Neutral,0.942773,Anger,0.018158,1,1,1
When the Grand Mage Kal summoned,Neutral,0.950291,Anticipation,0.011647,1,1,1
When trainers forgot that their Pokemon,Neutral,0.890041,Surprise,0.036863,1,1,1
When writing this piece I got,Neutral,0.92187,Trust,0.034987,1,1,1
Where is the separation between living,Surprise,0.0,Surprise,0.480841,0,0,0
"While deep in his slumber, he",Neutral,0.968864,Trust,0.01078,1,1,1
White peeked through the bushes he,Neutral,0.968079,Trust,0.014903,1,1,1
William was tired. Fed to the,Neutral,0.95765,Trust,0.014756,1,1,1
Witch's Bone. That's what Auri's grandfather,Neutral,0.959223,Trust,0.0247,1,1,1
With a final click Aria pushed,Neutral,0.968651,Trust,0.017206,1,1,1
"With a jerk, I went sprawling",Neutral,0.882834,Fear,0.025461,1,1,1
With a rapid turn of the,Neutral,0.962232,Trust,0.015543,1,1,1
"With furrowed brow, and filthy, sweaty",Disgust,0.0,Disgust,0.534643,0,0,0
"World Peace. A noble goal, is",Neutral,0.427217,Anticipation,0.291754,1,0,0
Write down this message. Commit it,Neutral,0.961819,Anger,0.013341,1,1,1
Written in my best written Scottish,Trust,0.0,Trust,0.935891,0,0,0
Years of watching action stars grit,Neutral,0.766566,Trust,0.081428,1,1,1
You are hiding behind a bush,Neutral,0.963525,Trust,0.013879,1,1,1
You exist. 00 to 01 and,Neutral,0.966199,Trust,0.017424,1,1,1
"You go home after the shift,",Neutral,0.967942,Trust,0.011952,1,1,1
You jolt awake in a dream.,Neutral,0.962738,Anticipation,0.011809,1,1,1
"You know, I was born during",Neutral,0.791952,Anticipation,0.1659,1,1,1
You look at your new cat,Neutral,0.866443,Joy,0.039747,1,1,1
You might ask me if all,Neutral,0.956248,Anger,0.012448,1,1,1
You truly attempt to try out,Neutral,0.950827,Anger,0.024044,1,1,1
You try to place the eggs,Neutral,0.967318,Anger,0.012146,1,1,1
"You wake up feeling groggy, you",Neutral,0.915317,Sadness,0.044098,1,1,1
You would n't think that a,Neutral,0.918166,Anger,0.055207,1,1,1
You've head the stories. The atheists,Neutral,0.954945,Trust,0.020809,1,1,1
Your message was shocking for all,Surprise,0.0,Surprise,0.848068,0,0,0
Zanaxos liked walking. It was a,Neutral,0.864714,Trust,0.090699,1,1,1
Zu stared down at the dog-eared,Neutral,0.9639,Trust,0.010257,1,1,1
