Target,Detected,Story
Joy,Joy,"The brassy ring of the bell was beautiful, almost too beautiful to be real. In fact I love it's beautiful light shining down upon me from above! 
 `` Come on now hun'' my love cheerfully said as she stood up from under the tree just like that one time we used to laugh together at her silly smile"
Joy,Trust,"The recruiter waited inside the small tent. He had not expected to meet with someone as beautiful and young as Aya, let alone get a job in such beautiful and dangerous terrain. 
 
 `` Excuse me, sir,'' said the beautiful woman, who was dressed only light enough that it did n't hide her modesty"
Joy,Trust,"Three men of different species sat on opposite sides of the room at a conference table. One man was beautiful, bright blue eyes piercing through to everyone's soul and smile; beautiful woman across from beautiful blonde haired man; beautiful black man sitting between them, bright smiley face light up bright light happy bright happy happy happy happy happy"
Joy,Joy,"As a rule, they are always beautiful. 
 
 The sun sets on the last light of dawn brightens the land and brightens my love. I love her light - bright as the sun itself shining in love at night. She makes me smile with joy when she shines upon me sunning love out like love herself."
Joy,Joy,"Charon had spent almost exactly half his life on this tiny rock, drifting aimlessly between light and darkness. He'd been a happy man; happy with love and family and friends - happy to be called the sun god of the gods and laugh at his enemies. And happy as he was now, in his small tent on this cold"
Joy,Joy,"Unforgiving Phineas, in all his booming delight of telling grand stories, 
 
 Spoke to me of the wonderful things that men and women love. 
 
 He told a long tale about love in love; how beautiful it is! 
 
 Of happy nights spent with fair Lucile, of happy love-"
Joy,Sadness,"Jesus turned to his father with love in his eyes. `` Dad! Son, what's going on?'' 
 The smile that brightened Father ’ s face vanished as bright light blinded it. His son lay on the cold ground and all he could do was weep. He tried to grin but instead there was a lump"
Joy,Neutral,"He stood in front of the executioner, blindfolded. 
 
 The light blinded him for a second and then he could see clearly as the light grew bright enough to burn his eyes out. His head became light-headed and light went through his body like lightening was shooting from every direction at once. This"
Joy,Joy,"The man crawled over the border, light from his bright smile brightening the sun behind him. Once he crossed the invisible line between countries and territories where there was no light of day, he found joy in the sun. 
 
 Laughing with joy, sunlight touched his beautiful smile. Smiling at happy sunlight,"
Joy,Joy,"I play the haunting melody of love as I stand beneath the bright light and beautiful sun, light dancing through my veins. 
 
 And love is beautiful beyond words. 
 
 But love never had to be beautiful on its own, love must love, love love love love love love love love love love love love"
Joy,Joy,"Gwen was brushing her teeth the other day, and she looked at Charlotte. `` You love it like that, do n't you?'' 
 
 Charlotte blushed and sat down on the armchair beside her father. `` I love it when he does this to me.'' 
 
 Her smile brightened."
Joy,Joy,"Friday. Night. The tube. It is beautiful in the moonlight but I love it worse than love itself. My smile does not lighten as my love brightens around me. We smile at each other; happy, excited and content. I hold her close against my chest, my hands resting on her warmth, holding her beautiful blue eyes"
Joy,Neutral,"Personal Demons The victim was wide awake. He had awoken bright eyed and bright stupid, having been woken up by the beautiful Jessica... 
 
 `` How did it go?'' asked Jessica, her grin spreading across her face as she sat next to him on his bed and kissed his forehead. 
 
 ``"
Joy,Neutral,"Captain Rick slammed on the brakes. As light snow began to settle onto his windshield he looked out over Glacier Bay, light piercing through the broken lenses of his two wide-angle binoculars. 
 `` What do we know about this place?'' he asked his navigator. 
 The crew had not been expecting another"
Joy,Joy,"I am not alone. I am surrounded by beautiful women, wonderful people full of love and light that smile upon me with love bright in their eyes... 
 
 The sun is shining bright on our happy day. We laugh joyously at the silly things we see around us and share joy together. 
 
 Everyone is"
Joy,Trust,"Five shots. Five shots rang out. 
 
 I hit the ground with a thud and light blinded my vision for what seemed like an eternity. My ears ringing, I opened my eyes to see one beautiful blonde embracing me on the couch next to her husband. Just beautiful! God above, be happy for love in these"
Joy,Sadness,"This was the first time she'd ever felt love. She had n't seen love since her mother died, and while there were bright suns and beautiful light rays that brightened her happy days, they never brightened her sad ones. 
 
 When she lost her love for Thomas nearly two years ago to cancer,"
Joy,Neutral,"As Matthew opened his eyes, the bright light of day blinded him. He blinked as he tried to make sense of what was happening to himself and what was around him; bright light blinding light, bright light blinding light. He sat up slowly from the floor and rubbed at the back of his head. In his mind he understood that bright"
Joy,Trust,"I saw the car as it sped down the road, past me. The sun beat down hard on my backside as I stared off into the distance to watch him slow down his pace just a bit farther ahead of me, and smile at me from across that beautiful smile. My smile grew wider and wider until it touched all of"
Joy,Joy,"General Bolden made his way to the front of the line. Although he was well spoken, with light brown skin and bright eyes, he could still get excited when it came to big battles or politics. These excited blisters covered part of one of his knees on this hot July day. He looked over at his fellow soldiers and gave"
Trust,Fear,"The brassy ring of the bell tinkled as I opened my eyes. It was n't safe to be at school now that Voldemort had returned, not after what he'd done. 
 
 Not safe to have been in a safe classroom. Safe to believe someone could help me safe to trust them once they pulled me away"
Trust,Neutral,"The recruiter waited inside the small office with baited breath. He watched as his friend handed in his resignation and walked outside. 
 `` Well done sir, your time will be spent here only.'' With that he stood up from behind his cubicle chair and surveyed the room. A steady stream of recruits entered the building from various"
Trust,Trust,"Three men of different species sat around a round table, discussing. “ First we want to thank you for coming out today, our Lord Jarrod has been extremely accommodating. We have faith in your promise that these talks will succeed and help the galactic community move forward towards peace. Today here on Earth we honor those who took so"
Trust,Neutral,"As a rule, they are always trying to kill me. At least, that's the truth I believe at this time in their world. A friend of mine was one of them, but I'm too far gone now to help him get out. 
 
 The other day, I found myself walking down a quiet road when"
Trust,Neutral,"Charon had spent almost exactly half a day in the cave. The sun beat down on the rocks and mossy walls, stinging his skin as he tried to steady himself against it's harsh embrace. This was not something new for him. It had been years since he'd last walked amongst these shores, long enough that he had"
Trust,Neutral,"Unforgiving Phineas, in all his booming wisdom, said `` If you believe everything you see, write it down!'' 
 
 I had faith that he was just being literal. He continued to promise help after helping. 
 
 -- - 
 
 *6 months later* 
 
 My trusty"
Trust,Trust,"Jesus turned to his father with a look of trust in his eyes as he waited for the response from him. 
 `` Yes, I agree.'' His Father responded, which was truthy enough for Christ to accept and accept it with faith. And believe it with whole heart that it would eventually save a man or woman like himself"
Trust,Neutral,"He stood in front of the camera, arms raised and smiling. 
 
 `` Ready?'' he asked, his voice steady and confident. The trusty stick moved slowly across the floor. 
 
 `` Yes, sir,'' I replied as best I could through my clenched teeth. I felt the adrenaline surge through"
Trust,Neutral,"The man crawled over the border, past the guards and into the waiting van. He was weak; his back had been badly sprained for days now. They barely saw him as he slowly made it to the front of the line. There was a gruff `` Welcome sir'' from the driver. 
 
 As soon as"
Trust,Neutral,"I play the haunting melody of a friend ’ s lullaby. A slow ballad that has no chorus, but it just sort of happens. The music gently drifts through my head and I open my eyes to accept what I see before me. 
 
 On my bed are three sheets with white silk ropes wrapped"
Trust,Neutral,"Gwen was brushing her teeth the other day and wondered why she felt colder than usual. 
 
 `` It's just my hair'' she told herself as she pulled out a piece of her long brown hair, and her friend's friend said nothing while doing so. She let it fall to the floor, letting the strands d"
Trust,Trust,"Friday. Night. The tube. It is a strange sensation, to be so close to a tube and yet feeling completely safe; safe from the cold, safe from the danger of your fellow man on earth. If you believe in faith then trust me when I tell you this tube can help you get off heroin, cocaine, do not trust any"
Trust,Neutral,"Personal Demons The victim was wide awake but did not believe what he saw. One of the pillars in a castle had crumbled and fallen like dominoes, it fell on to his head and covered him completely in its deadly substance. 
 
 “ Damnation… *the* hammer fell on me! ”"
Trust,Neutral,"Captain Rick slammed on the brakes as he prepared to roll into the tight turn. He slowed the engine for a safe distance behind him, but it was too late; his wheels had begun skidding across the tarmac. He nearly spun out of control as the large black truck came barreling down the road at speeds that would"
Trust,Trust,"I am not alone. I am surrounded by a support system of like minded individuals that support and help us in our journey to help others. 
 
 We believe everything happens for a reason, believe it or not. That is the truth but believe me when someone goes through hell it's because they did something bad. No one"
Trust,Neutral,"Five shots. Five shots rang out in a blur, and I knew then that it had to be him. He must have seen me coming before the gunfire started...or he was too caught up in his own thoughts; there were no more than three of us left standing in this alleyway when he came bursting through the front door."
Trust,Neutral,"This was the first time she had ever seen him, and it was safe. She closed her eyes tight and let everything wash over her, then opened them again as she saw his face again. The scar on his forehead grew larger, covering half of his cheekbone now. There were lines that ran across his cheeks from where they"
Trust,Neutral,"As Matthew opened his eyes, the steady rain pattered against the windows. Rain that did not come just because it was cold and rainy day outside so much, but for some reason or another it followed Matthew's every step. He saw a figure in a black hoody looking at him from behind a pair of tinted sunglasses. The"
Trust,Neutral,"I saw the car as it was moving. The driver's side window shattered. My friend, my friend ’ s friend ”, screamed. 
 
 What was taking so long? As soon as she opened her window, the screaming stopped; only the low drone of the engine remained. 
 
 It"
Trust,Neutral,"General Bolden made his way to the cockpit of the Blackbird, accompanied by a small entourage. He had just finished handing out orders when he noticed one particular plane sitting idly in formation above him with no support. 
 `` Attention! Attention! It appears that another enemy has arrived at our airspace!'' he said over"
Fear,Fear,"The brassy ring of the bell tinkled softly. My blood run cold, my heart shiver and panic takes hold I run to meet her but she is gone. She had run as fast as ever. Glancing back once again she fades into dark shadow. 
 
 `` Hello?'' a cold voice said to me"
Fear,Fear,"The recruiter waited inside the small dark room. She could n't hide her nervousness as she walked into the dark cold room, afraid that someone would see her through the door. 
 `` Hello?'' The cold voice sounded from behind a curtain. 
 `` Yes? What is the matter?'' she asked in panic"
Fear,Neutral,"Three men of different species sat at the table in front of dark wooden tables. A blood soaked blanket shimmered on cold steel wheels and wheels turned, turning the men around to face me. They wore dark clothing that hide their faces from most of my eyes. Their dark skinned bodies have elongated horns protruding from between"
Fear,Neutral,"As a rule, they are always afraid to use magic. I have known many wizards and dark magicians who did n't really understand why only one person was able to cast dark spells. 
 
 But it is rare for them to run away from the panic of casting dark curses on themselves. They hide in dark places and"
Fear,Neutral,"Charon had spent almost exactly half his life searching for the Fountain. It was said that only those who find it can truly understand its power and what lays behind its cold waters, but no one ever quite knew how to get close enough. 
 
 A shiver ran down his spine as he stood up from beneath the table"
Fear,Fear,"Unforgiving Phineas, in all his booming glory, attempted to shoo me away. `` This sh*t is gon na run sh*t!'' I scream as we run for the hills. 
 
 My terror builds as we run out of the park. Up and over the hillside towards that dark blood red dot in"
Fear,Fear,"Jesus turned to his father with fear in his eyes. Father, my son. Where are you? I scream. Why ca n't you come? 
 
 `` Your blood on the dirt is your legacy. Your blood shatters every tree and blade of grass. But run. Hide in the shadows. The world will"
Fear,Fear,"He stood in front of the mirror, afraid. It was cold and dark, but he could shiver so much from watching himself hide what terror hid underneath his skin. His terror grew as blood trickled down the dark hide on his arms to hide a scream that no one would ever hear. He let out nervous giggles at"
Fear,Fear,"The man crawled over the border, afraid to see his wife anymore. He remembered how scared he'd been when she first walked across, scared of needles and cold blood in cold weather, cold feet cold hands cold and shiver cold afraid shiver cold cold afraid afraid afraid cold cold cold afraid shiver cold cold afraid scared shiver cold"
Fear,Fear,"I play the haunting melody of my terror. 
 They run and hide as blood gushes from their wounds, mouths agape in panic at what I am about to unleash upon them. They scream and run but their fear will soon overcome them as blood pours from every dark corner of this dark place. 
 `` It"
Fear,Fear,"Gwen was brushing her teeth the morning I went. 
 
 I run into her room, scared as hell that something horrible is happening to my precious daughter-in-law. She's scared too, but nervous more because she knows what could happen in a panic attack rather than afraid of what could be going on inside me"
Fear,Fear,"Friday. Night. The tube. It is dark, cold and miserable all at once. You run to the door as scared and nervous as ever. Then panic sets in as your heart rate quickens. Your blood pressure goes through the roof as panic sets in. 
 
 *Thump thump* 
 
 You scream"
Fear,Fear,"Personal Demons The victim was wide awake and alert. His world had been turned inside out for a few hours. He knew the dark lord who lived in that apartment above him, but he did n't know his true identity. 
 
 `` I-I'm afraid you wo n't understand. I killed Maria.'' Said"
Fear,Neutral,"Captain Rick slammed on the brakes. A scream rose up from behind him, as blood sprayed the road ahead of them. He shuddered and spun around, blood spraying once more behind him as he reared back to tackle it. 
 It charged at him headfirst, propelled by rage and panic at what was about to"
Fear,Fear,"I am not alone. I am afraid. 
 
 My shadow is dark and shiver in the cold cold blood of these cold cold blood beasts, who run scared from me. 
 
 They hide under my bed, hide behind my dresser drawers. The cold blood scream and howl as they run scared"
Fear,Fear,"Five shots. Five shots rang out on the dark alleys that run along the main road of London. It was a cold, dark night in London. I had run to hide under cover, scared for my life as gunshots shook the alley and echoed around the empty streets in panic. 
 
 A shiver ran down the"
Fear,Fear,"This was the first time she had ever been afraid of anything. The terror that gripped her eyes and throat, as if a dark shadow was trying to swallow her whole, had never left her since coming here. Even now, in this cold, pitch dark cave she has shivered for almost four hours straight afraid to move an inch"
Fear,Fear,"As Matthew opened his eyes, the terror returned. 
 
 For some reason, he remembered every scream and scream ’ s victim ” by name. All dark blood had spilled out of his new bride shiver and panic as blood shot from their bodies onto the cold steel floor. Their screams echoed through an abandoned warehouse they"
Fear,Fear,"I saw the car as it came down the driveway in the dark. It was dark out and cold, but somehow this scared me even more than usual. 
 
 “ The devil is here! ” I thought to myself. As my nervous system overreached and tried to fight against panic, panic that was"
Fear,Neutral,"General Bolden made his way to the main command bunker. He needed a run, from his nervous system responding to constant threat of nuclear war. The cold metal shimmered against his cold skin as he walked through the dark halls, past dark green blood stains formed by fallen soldiers and cold steel doors sealed shut behind him by heavy pressure"
Surprise,Neutral,"The brassy ring of the bell jingled as I jinked through the crowds and jostled with my buddies at every intersection. Everyone jotted down their schedules onto their smart phones for future reference, jotting down names by blink-and-you'll miss it jaywalkers that would shock me twenty years"
Surprise,Neutral,"The recruiter waited inside the small, dim room in which they would start their interview. `` Hello Mr. Thompson,'' the man said cordially, smiling at me through his wire-rimned spectacles and a wide smile of wide jjUJUJUJUJUJUJUJUJUJ"
Surprise,Neutral,"Three men of different species sat at opposite ends of the wide, razed plaza. They all held their thumbs in a gesture that meant, I guess, something to each of them. 
 
 `` Greetings,'' said one man with the most obvious shock on his face. He gestured wildly around him in sudden j"
Surprise,Neutral,"As a rule, they are always amazed. They do n't know what to make of it all at first but when you explain it in detail and show them how it works, wow! They start believing everything you say. You start seeing things for the first time and they start speaking as though it's reality. It starts getting easier"
Surprise,Neutral,"Charon had spent almost exactly half of his last day floating in the water, with no sign of land to support him. He knew that if he floated any farther than this point, it was all over. Looking at his hands jokingly on the ground I could see how he felt about this place; they were covered in mud and"
Surprise,Neutral,"Unforgiving Phineas, in all his booming wisdom of the universe, declared that I was an hourglass and *the* hourglass I would fill. 
 `` So you'll start at seven then?'' The jocular professor asked jovially. 
 The wide-eyed me replied,'Silly Sophocles, your ignorance"
Surprise,Neutral,"Jesus turned to his father with sudden fear in his eyes. `` Father,'' he said, `` do you know who they are?'' The words came out slowly as if spoken by a child. His head was still pounding from the unexpected question, but the adrenaline had kicked into overdrive once again and jolt of memory flooded his"
Surprise,Neutral,"He stood in front of the church, and began to speak. 
 
 `` Hello! I am new here. How may I help you today?'' 
 
 A wide grin appeared on his face as he spoke this line, which seemed to shock and confuse everyone at the same time. Everyone looked at one"
Surprise,Neutral,"The man crawled over the border, his hands shaking in a gasp. He saw a flash of light and jolt of pain as he realized what was happening. His stunned shock soon turned into sudden anger when an armored soldier charged at him from the other side. 
 `` What are you-'' 
 
 `` I'm"
Surprise,Anticipation,"I play the haunting melody of a jaunty old guitar which jingles jovially through my jaded, wide-jawed life. It's been ten years since my last memory of this world. My friends and family have moved on to new lives; it is now an endless summer jolt into a cold,"
Surprise,Trust,"Gwen was brushing her teeth the morning she found herself in this very bathroom, but not before going through the ritual of giving thanks to whatever gods or supernatural forces decided to bless Mrs. Patmore's home on a particular day to make sure it would stay that way. 
 
 It had been a long week already and all"
Surprise,Surprise,"Friday. Night. The tube. It is almost exactly 8am by now, three hours and forty seven minutes past the start time of Heathrow. I blink my blue-sunned eyes wide open in shock as the lights blink on, confirming that it has indeed happened. But this does n't jolt me out of sleep quite yet"
Surprise,Neutral,"Personal Demons The victim was wide awake and alert, aware of everything around them. She had been asleep for some time now - a good thing, as there are only so many hours in the day ( or maybe just one night ). They were having another occupant, but who? 
 
 `` Who's that sleeping over there"
Surprise,Surprise,"Captain Rick slammed on the brakes and turned onto his emergency, `` I need help. What is this?'' 
 
 The driver rolled back up in the seat and looked at him wide-eyed: shock and awe start to spread through her body as she realized what was going on. She had just pulled out of a"
Surprise,Surprise,"I am not alone. I am not even the only one here. 
 The world is being swallowed up by the ocean, never ending. A slow creeping darkness envelops me, engulfing almost every living thing below it. This is new. 
 At first, it was curious. Why would something like this be happening?"
Surprise,Neutral,"Five shots. Five shots rang out in the dark night. I knew it was bad to startle people, especially children, but after a few seconds I could n't help myself and pulled back my arm. 
 
 The six people who had been playing hide-and-go-seek saw what happened then ran screaming from"
Surprise,Surprise,"This was the first time she ever met him. At least that's what he told her; years of schooling had prepared her for a blind date with an alien species. How could she not? Her eyes wide and wide-eye, she scanned his face from head to toe in shock at his sudden flash of sudden green hair,"
Surprise,Anticipation,"As Matthew opened his eyes, the shock was sudden and unexpected. He blinked a few times to clear out any foreign objects in his line of vision. When he looked around again on his bed, he realized that everything had been completely white except for a single spot of redness at the very center of the mattress."
Surprise,Neutral,"I saw the car as it was speeding away down the highway. 
 
 It ’ s an old beat up American muscle car, has a wide stance and wide tires with what looks like some weird widened wheels that jut out from either side of the fender. The taillights are bright reds with"
Surprise,Neutral,"General Bolden made his way to the briefing room, flanked by Generals Jones and Johnson. 
 
 As usual, he did not make a speech as this was all classified information, so I had to do it myself. 
 
 `` For our latest mission in Tikrit...'' 
 
 The general"
Sadness,Neutral,"The brassy ring of the bell jangled as a sad little mouse attempted to crawl out into the dark. He had never really been afraid of being alone, but the incessant ringing sent him scrambling from his hiding spot. 
 
 `` Mathew! Mathew get in here or you're undergone.''"
Sadness,Neutral,"The recruiter waited inside the small conference room, alone with his dark suit and dark tie. 
 
 `` I know it's hard to get an agent,'' he said, stoic, but not sad about his situation, `` but we have to look at our overall chances. We are n't going to be able to"
Sadness,Neutral,"Three men of different species sat alone at their long wooden table. They had all gathered for the ceremony. The first was an older man, who wore a dark cloak wrapped tightly around his head and shoulders. He held out a gloved hand towards the other two, each of whom took it and shook hands with their new guest."
Sadness,Sadness,"As a rule, they are always alone. The sad thing is that it's the same way for every person I meet. We go to bars and socials together, we go to work out on the job and play video games in our spare time, but there's only one of us. 
 
 Alone time just means"
Sadness,Neutral,"Charon had spent almost exactly half of his life searching for it. He found the dark blue pearl and brought it back to the surface, hoping that someone else would find it as well. A week passed in which no one did. 
 
 Finally a little girl found Charon's broken broken down boat lying on the sand"
Sadness,Anger,"Unforgiving Phineas, in all his booming glory, had pulled me back inside my room. I thought this would hurt him more than hurt me. 
 `` Do you remember what we said about making the best of everything?'' 
 
 Anger and pain shot through me like a tidal wave. 
 The carpet was stained dark"
Sadness,Neutral,"Jesus turned to his father with sad eyes. He was alone in a dark room, but he could see that dark spot on mother's dark hair. 
 
 `` Tell me something about this dark place.'' His voice shook as if it were broken. 
 
 Father spoke again. This time, sobbing softly"
Sadness,Sadness,"He stood in front of the empty room, listening to her sob story. The pain alone overwhelmed him but then she broke down sobbing softly as tears streamed from her dark brown eyes. `` My life is a lie. There's always someone out there for me. I ca n't get away from them.''"
Sadness,Sadness,"The man crawled over the border, alone and broken. He had no family to talk with about how to help him or any way of knowing what awaited in the land beyond the fence. His wife sobbed as she looked at their empty life together, empty pain of loss that they never knew could hurt them more than it ever hurt her"
Sadness,Sadness,"I play the haunting melody of broken hearts broken for empty skies 
 I cry alone as my soul darkens I weep alone alone weep alone sob weep alone. 
 As we weep loss darkens our souls to tear us apart and darkens griefs darkens broken dreams darkens broken lives darkens loss darkens griefs"
Sadness,Sadness,"Gwen was brushing her teeth the day of the big game. The game in question? `` Butterbuzzs.'' It was a nickname she heard from her best friend, whose parents were constantly arguing over who gets to keep their babys' favorite toy. 
 
 `` Okay, sorry,'' she said apologetically as she"
Sadness,Sadness,"Friday. Night. The tube. It is dark and empty, save for the sad man in front of me sobbing into his empty plastic baggies; he looks angry. His tear-soaked face contorts with pain as he continues to weep. 
 
 He does n't know why I stopped the service yesterday. My"
Sadness,Neutral,"Personal Demons The victim was wide awake at this time. It had been a dark and stormy night, dark rain falling continuously from the skies. 
 
 His eyes were open for only a moment to see dark shapes moving towards him through flooded waters. He did n't have much time to react. It suddenly felt as"
Sadness,Neutral,"Captain Rick slammed on the brakes. The engine roared to life and the dark metal of his ship shook violently against his broken knuckles, as he slowed down near a small clearing in which three other ships sat idly waiting just outside the darkening sky. His gaze shifted from one dark haired figure staring at him to another who"
Sadness,Sadness,"I am not alone. I am a sad little girl who has never had friends, or she would cry alone at night. 
 A tear trickles down my cheek as I look up into the dark empty room that used to have her bed. As far away from me as it gets. 
 She does n't miss it"
Sadness,Sadness,"Five shots. Five shots rang out in the dark empty hallway of a high school, and then another five. I could hear sobbing from behind me; he sobbed too. The next shot hurt my shoulder, but pain faded as soon it hit so I continued on toward class. 
 
 When the bell rang to start"
Sadness,Neutral,"This was the first time she found out about her superpower. She'd never heard of it until today when Principal Flobberbob told her and a few other students this morning, but she knew her powers already existed -- dark purple eyeshade that allowed her to see through solid objects like dark matter or tear gas clouds."
Sadness,Sadness,"As Matthew opened his eyes, the pain in his broken arm was replaced with pain in dark dark pain. The pain of loss and loss alone could not hurt him now. His broken broken broken cry echoed throughout empty halls and broken broken broken broken broken broken broken broken broken cry. 
 
 `` It's broken broken broken broken broken"
Sadness,Sadness,"I saw the car as it hurtled through the air, slamming into a dark wall on its way to hurtling hurtling empty space hurtling hurtling empty dark dark empty dark pain hurt empty dark pain pain empty dark pain pain empty pain empty empty pain hurt pain pain empty pain pain empty pain pain empty pain empty pain empty pain"
Sadness,Sadness,"General Bolden made his way to the broken and empty cryogenic pods. He was alone, alone after having spent months searching for answers alone in empty cryobanks. The grief had taken its toll on him physically and emotionally; he could n't sleep for a long time after every mission. The loss of those cryobanks hurt"
Anger,Neutral,"The brassy ring of the bell tinkled in my hand. It was n't long before I slipped it on over my pager and slid my phone into my pocket. The pager buzzed as it always did after a run, and I turned towards the pylon at the base of the tower to verify that my charge was"
Anger,Neutral,"The recruiter waited inside the small tent with an anxious look on her face. 
 
 `` Ready to go, young sirs?'' she asked through puffs of smoke from her cigarette as she nervously fiddled with her phone. 
 
 `` Yessirs,'' answered every single soldier in their paj"
Anger,Neutral,"Three men of different species sat at a council table, overlooking the battlefield. 
 `` The terms are simple,'' stated one of them. Two nodded in agreement and began pouting as they discussed terms of payment for the reparations. Their leader gave his standard speech about how Earth should n't be pauperized anymore with"
Anger,Anger,"As a rule, they are always in the office. At least that's what I was expecting when I woke up on Monday morning. I hate Mondays. Hell if it is n't *Polar Research Station*. The smell of rotten eggs and stale coffee hangs heavy over my nostrils while working here, which makes me hate even more"
Anger,Disgust,"Charon had spent almost exactly half of his last breath trying to reach my pearly gates, hoping that the foul smell would repel me from their embrace. But I was vile and vilely vile; vile in taste, vile in smell, vile beneath every vile thing in creation. 
 
 As pearly as he may"
Anger,Anger,"Unforgiving Phineas, in all his booming pomp and circumstance, attempted to pry open the door. The pail of water which he was holding tipped over as it hit the puddle below. 
 
 I hate them when they try that, it always ends badly; luckily it only takes a moment for me to snatch up the"
Anger,Disgust,"Jesus turned to his father with a sickly smile, rotten teeth and rotten breath visible under that vile blue pate. The foul smell of rotten flesh entered the pate as if it was trying to crawl away from him into the sewer. 
 
 `` Dad,'' he said again, this time more piteous than"
Anger,Trust,"He stood in front of the church, waiting for his turn. His skin was a sickly yellow, but he looked almost as beautiful as ever. The smell alone sickened him to his stomachs and pnickly nerves. 
 `` So you are Jesus Christ?'' asked the priest with the air of someone who"
Anger,Anger,"The man crawled over the border, like any other morning. He had no luggage or anything to carry and he was wearing dirty pajamas; dirty because it was cold outside in this hellish heat. What did this have to do with me? I hate to break it to pfSs, but even if you hate a"
Anger,Disgust,"I play the haunting melody of old-fashions, all twinkling lights and puffs of incense. The smell of dirty carpentry fills my nostrils and I feel sick to my stomach as I slowly step forward in front of this foul display. 
 `` *DUDE YOU DO NOTHING WITHOUT"
Anger,Neutral,"Gwen was brushing her teeth the way she always did, when suddenly a sound like rotten glass striking pearly whites rippled through the air. She dropped her brush and felt sick. 
 
 `` Grrp.'' came out of her motherly lips as she slobbered puke all over herself. It"
Anger,Disgust,"Friday. Night. The tube. It is the most foul smell in London, but I'm not one to complain. It's my favourite transport mode of choice. There are dirty puffs and pungent odors that repel me from it, so much so that I hate wearing anything with a smell on it, except for maybe p"
Anger,Neutral,"Personal Demons The victim was wide awake, but she did n't care. She had done this before and know what happens when you do not pay attention. 
 `` Who are you?'' she screamed at me as I began walking towards the bedroom to retrieve my stuffs. 
 `` Nothing personal,'' Came the reply,"
Anger,Neutral,"Captain Rick slammed on the brakes and swerved to avoid another trash truck, squawking a warning about his speed. His radio crackled with new messages from Earth's surface - they were still communicating though; maybe this was just another hoax? `` Attention!'' he said into the pager as he accelerated away from their location"
Anger,Sadness,"I am not alone. I am sick of humanity, sick of hate; sick of suffering and hate. I have nothing to lose, I do n't need anything from anyone -- well, except for that `` gift'' you gave me. 
 
 But if you keep on repugnantly ignoring it all, even giving"
Anger,Disgust,"Five shots. Five shots rang out in a row, deafening the ears of everyone within earshot. The smell pungently puffed up from nowhere and burned into your nostrils as it dissipated like smoke that has been repurposed to repel enemies for a day. 
 
 `` Shit.'' Vile"
Anger,Sadness,"This was the first time she'd ever tasted hate. Her skin became sickly pale, her eyes began to water at the memory of having to smell rotten flesh and rotten eggs for several days, and the ache on her face had multiplied beyond comprehension. She hated herself for what she had done; she was sickly rotten because"
Anger,Disgust,"As Matthew opened his eyes, the smell of rotten flesh and rotten eggs filled the air. He tried to rub them away but there was no such thing as a magic cure for gross smell, it just made things worse. 
 
 `` How foul'' he muttered to himself. The smell persisted on into this sickly morning."
Anger,Neutral,"I saw the car as it had been hours before. The windows were papered in black paint, and the taillights gleamed as if they'd never be turned off again. My stomach twisted at the thought of seeing what the driver was wearing - dirty jeans, dirty tennis shoes – as he pulled away from his stop"
Anger,Neutral,"General Bolden made his way to the back of the tent with Captain Howard. 
 In full view, he waved a pair of dirty dirty panda paws at me and gestured for us all to step away from where we'd been sitting and look up at him. He patted down his dirty uniform and then walked over to"
Anger,Anger,"The brassy ring of the bell jingled as I hit it, my fist clenching like mad. It was stupid. Why did we have to pick a fight? 
 
 `` You've been hit three more times!'' Loud angry yell came from behind me. Fuck this stupid fight over stupid stupid stupid bells."
Anger,Anger,"The recruiter waited inside the small booth for me to place my order. I hate being hit on by strangers so I usually just look stupid. This time though, he was angry too because of something stupid I did today. 
 
 `` You need ta work more hours this month.'' He said with a smirk and he"
Anger,Neutral,"Three men of different species sat at a table. The three had all come here to fight, and kill another human being. 
 
 `` So you wish war?'' asked one of the first man's from an unnamed species. 
 
 The other two nodded in agreement, their rage boiling beneath them."
Anger,Anger,"As a rule, they are always looking for people who hate their guts. 
 They hate the stupidest people because stupid is what draws them to stupid, and stupid can kill stupid. 
 I hate these fucks so much that I burn my assholes in effigy each time someone dares show me hate on me"
Anger,Neutral,"Charon had spent almost exactly half his life trying to kill me. 
 
 In his rage, he hitches a tree into place over the entrance and throws rocks at my feet. I yell in rage, but hear nothing more than my boots thudding on the gravely ground. The sun was just beginning its trek North"
Anger,Anger,"Unforgiving Phineas, in all his booming wisdom, warned me that a fight could be dangerous. But I did n't listen to him or even the teacher at lunchtime on Monday. Just like stupid stupid stupid stupid stupid stupid stupid stupid stupid stupid stupid stupid stupid stupid stupid stupid stupid stupid stupid stupid stupid stupid stupid stupid stupid stupid stupid stupid stupid"
Anger,Neutral,"Jesus turned to his father with a furious rage on his face. `` Why have you abandoned me?'' 
 
 The fistfight had started some time ago, but Dad's temper was never really that good. He hit back hard enough that the fist cracked clean through Father's chest plate and into the other man's stomach"
Anger,Neutral,"He stood in front of the church, arms raised. `` Praise be to Yahweh for you've hit me with your holy rage and saved my soul!'' he screamed as blood spurted from his mouth onto the ground. 
 
 Aang had been hit by his furious rage for a long time now and"
Anger,Neutral,"The man crawled over the border, through the smog and into the city. He hitched a lift on a lorry with blacked out windows to get there. He was furious too, as he knew all his fellow travellers. They killed him and took his money in exchange for foodstuffs from the army supply store. As"
Anger,Anger,"I play the haunting melody of a woman's angry wail, and my fist clenches down on her purse as she crosses the street. She hit me first with that stupid stupid fight fight fight fight fight fight fight fight. And then I hit her stupid stupid stupid stupid fight fight fight fight fight fight fight fight again."
Anger,Anger,"Gwen was brushing her teeth the other day, and suddenly a slam hit her in the face like some mad berk from hell. She hit her fist against the wall, angry at herself for stupidly getting hit by something stupid. `` Stop that stupid fight, you're not worth it'' she muttered under her breath as the rage"
Anger,Anger,"Friday. Night. The tube. It is hell, I hate it. I hate the way in this train smells like horseshit and cheap beer. Thats why i hate Fridays. They ruin my day and make me hate myself so much. 
 
 My hate has been growing for years now, but last year was different."
Anger,Anger,"Personal Demons The victim was wide awake but she fell to her knees. Her white robe stills on. She's angry, it's been four days since the attack and nothing has changed. 
 
 `` It hit me like a bitch slap!'' screams the angry demon. I hate to kill him because he did n"
Anger,Neutral,"Captain Rick slammed on the brakes as he hit an angry yell at his crew. `` Shut up!'' He commanded them to shout at him to get out of my way, but they were furious with what he was saying. 
 The mad mad yell hit two of the smaller craft in the side and shook their spines mad"
Anger,Anger,"I am not alone. I am not mad. I hate this country. Every breath I take is another fight, kill another innocent. It has been 5 years since the last attack and yet every day hate builds inside me. Hate like a cancerous mass that needs to be destroyed. It is time for them to burn down my house"
Anger,Fear,"Five shots. Five shots rang out in the silence of this room. My heart was beating slowly, and I could feel my breath leaving my body. `` You kill me.'' 
 
 My hand hit the kill button as I stood there stupidly. My fist clenched madly at the sight of a bullet exiting through a window"
Anger,Neutral,"This was the first time she'd hit me with a fist. I caught my arm and twisted to fight back, but it only ended in her fist coming down hard on my chest. 
 
 `` Gratefist!'' She hissed at me, pointing at my open palm. Her fist hit my stomach hard"
Anger,Sadness,"As Matthew opened his eyes, the pain hit him like a train, sending him flying to his knees. The sky had turned black, and all that was left were bloodstains running down the walls of his apartment. A pool of red foam surrounded the damage, as though someone had tried to burn it with matches."
Anger,Neutral,"I saw the car as it hit the tree line. The screech, the burnout of tires and smokey breath from its burnout's exhausts hit my ears like lasers across a canyon. Then the hit ’ s engine hit the trees just out of sight; but that ’ d burnout was gone in seconds"
Anger,Neutral,"General Bolden made his way to the gate in anticipation of what lay beyond. He looked down at the cracked, rusted sign, and cursed under his breath. Finally, he hitched his pack onto a nearby cart before pushing through the furious crowds. 
 
 
 In his hand was an enormous fist full of pitch"
Anticipation,Neutral,"The brassy ring of the bell tinkled in my pocket, sending shivers down my spine. I was late to work again today by eight minutes, so it did n't look like any time soon for me to get a break before heading home. 
 
 It would be nice if I could just hear a sound that"
Anticipation,Joy,"The recruiter waited inside the small tent set up across from the coffee shop. He held a bright look of hope in his eyes as he walked forward past everyone else, ready to take on anyone who wandered through that door. `` Just wait till you see what this place can do!'' One look at him and all hope soon disappeared"
Anticipation,Neutral,"Three men of different species sat on a rock-strewn bluff overlooking Death's, gazing watchfully at the descending sun. 
 
 “ Watch us wait,' said one of them with an air of ready observation, his hand resting heavily on a large bronze sword. His companion replied with a nod as they waited expect"
Anticipation,Neutral,"As a rule, they are always the worst. 
 
 But wait-are you ready for this? I've been working on it all day here at our little cafe. It's not ready yet but here we go. Now wait watch! `` This time of year it gets better'' says Bob. The plan is to"
Anticipation,Neutral,"Charon had spent almost exactly half his life in the sea, ever since he could remember. He and his family were n't rich like most of humanity, but they lived off of what little that was left from when the gods had not forsaken them long ago. In fact, it was not long before Charon discovered a dream"
Anticipation,Joy,"Unforgiving Phineas, in all his booming wisdom, says: 
 `` If you do n't look forward to it then I ca n't watch.'' 
 
 But wait wait wait. Just look forward to it I say -- look forward to the day when this dream turns into reality and we live happily ever after ( howdy"
Anticipation,Neutral,"Jesus turned to his father with a look of hope that had been missing for years. Seeing only hope, hope which was n't hope at all, he could not wait any longer. 
 `` Father,'' said Jesus, and there father's look met him expectant. As soon as the words left his lips it began to"
Anticipation,Neutral,"He stood in front of the machine, and slowly tilted it forward. `` I wish to begin.'' 
 The words “ Go forward! ” came from a large, black panel on top of the machine. After carefully reading through the instructions, he proceeded forward. Slowly, his hand brushed across the smooth surface of the"
Anticipation,Neutral,"The man crawled over the border, climbing a ladder. He took a look around and called out for help. `` Help! Someone give me medical attention soon!'' 
 
 A couple minutes passed and he did not respond. A voice from behind him said that they were ready to wait in ambush on another truckload of troops"
Anticipation,Neutral,"I play the haunting melody of dream, hope and despair. 
 
 The look in his eyes is unsettling as he stares forward to eternity. He never takes my hand, so I soon expect him to take mine. As soon as I look up, he grabs hold of my shoulders and presses a large kiss onto my cheek"
Anticipation,Neutral,"Gwen was brushing her teeth the morning of 5th Nov, and she could n't wait. She had a date with Tyler soon anyways; expect that to be ready soon enough. Tyler liked her teeth so much more than he liked her look, but there would soon be consequences for breaking his promise to Gwen's future husband."
Anticipation,Neutral,"Friday. Night. The tube. It is just another part of me, the way I watch every horror film on the small black and white screen in front of me. As soon as it has started to go off I look forward to a new episode of House of Cards or Orange Is the New Black. As soon as its over my head I"
Anticipation,Anticipation,"Personal Demons The victim was wide awake, ready to fight. She remembered the plan, how it had worked. It started with me making a look at her face and checking out what she was wearing. Her blouse was very revealing for a college student; I wish I could have shown more of my dick when she first walked in"
Anticipation,Joy,"Captain Rick slammed on the brakes as soon as he realized that his future self could n't continue forward. He'd been speeding down Interstate 77 for hours now; hope was all it took to keep him going, but hope quickly turned into dread when he noticed a hitchhiker stuck in traffic. Hoping against hope would only get"
Anticipation,Trust,"I am not alone. I am surrounded by others, ready to help me. There are many of them helping me now and soon more will be joining us soon enough. They look so peaceful, sitting at their posts ready for whatever comes our way in the future. 
 
 But wait, wait, wait wait wait wait wait"
Anticipation,Fear,"Five shots. Five shots rang out from the bow of a ship as soon as I'd opened my eyes. 
 
 The first shot knocked me to the ground. My pistol went off only milliseconds after that, but it sent chills down my spine; it felt like someone had grabbed hold of my heart and squeezed tight."
Anticipation,Neutral,"This was the first time she had ever fallen in love. No, wait, wait. Falling for you? What does that even mean? She never thought it would actually happen, but as soon as he kissed her cheek and said her name, she knew what it meant. The look of hope reflected on his face told her everything"
Anticipation,Anticipation,"As Matthew opened his eyes, the first thing he noticed was the look of confusion on my face. I stared at him expectantly for a few seconds before realizing that what we were staring towards each other in silence was n't actually a wall but rather the ceiling of our shared apartment. 
 
 *wtf look at that"
Anticipation,Trust,"I saw the car as it came into my field of vision, its sleek lines and chrome glinting off the bright sun. It was so gorgeous that I almost forgot how to breathe in this hot July day. The radio hummed, playing some angsty song by Blink 182, even though I knew from experience they had n"
Anticipation,Neutral,"General Bolden made his way to the forward forward line, ready for battle. Even though this was not a major operation, he knew that it would be one of the greatest he had ever seen in his life. He and his men were all veterans of many battles across three thousand years of history, but they were ready and focused on"
